id,first_name,last_name,email,address,schedule,prescription
1,Sheba,Ludlow,sludlow0@economist.com,0808 Hagan Center,Daily,RIFAXIMIN
2,Pia,Tinniswood,ptinniswood1@abc.net.au,52672 Waubesa Pass,Seldom,Hydroxyzine
3,Rockie,Heinz,rheinz2@homestead.com,760 Bluestem Center,Once,"Arnica Montana, Carduus Marianus, Hepar Suis, Korean Ginseng, Phosphoricum Acidum, Pituitaria Glandula Suis,"
4,Myron,Colin,mcolin3@mtv.com,6261 Elka Plaza,Weekly,Octinoxate and Oxybenzone
5,Clark,oldey,coldey4@technorati.com,65 Little Fleur Way,Never,"Titanium Dioxide, OCTINOXATE"
6,Correy,Ramet,cramet5@51.la,4 Paget Junction,Once,"dextromethorphan hbr, guaifenesin, phenylephrine hcl"
7,Hubey,Hallybone,hhallybone6@ifeng.com,114 Marcy Junction,Daily,"AVOBENZONE, OCTINOXATE, OCTISALATE, OXYBENZONE"
8,Byrle,Neissen,bneissen7@ucoz.com,8427 Jenifer Plaza,Weekly,ONDANSETRON HYDROCHLORIDE
9,Darcey,Point,dpoint8@jiathis.com,0 Karstens Avenue,Yearly,Oral-B Fluorinse Mint
10,Earvin,Emerton,eemerton9@yelp.com,0 Graedel Lane,Daily,Fluoride
11,Doy,Codi,dcodia@furl.net,3718 Hoard Pass,Monthly,DIOSCOREA VILLOSA
12,Lyndsey,Trewartha,ltrewarthab@moonfruit.com,49972 Atwood Road,Never,Titanium Dioxide
13,Desi,Solano,dsolanoc@unicef.org,165 Mcbride Junction,Never,Erythropoietin
14,Rosalinde,Babe,rbabed@hp.com,52 Susan Crossing,Daily,Zinc Oxide
15,Charity,Lowings,clowingse@merriam-webster.com,728 Sugar Drive,Daily,Mometasone Furoate
16,Malachi,Dobsons,mdobsonsf@netlog.com,152 Veith Point,Never,hydrocortisone butyrate
17,Hernando,Gabriel,hgabrielg@cdbaby.com,83 Riverside Avenue,Never,clonidine hydrochloride
18,Emmanuel,Kitchingman,ekitchingmanh@ameblo.jp,63295 Dottie Trail,Daily,OCTINOXATE
19,Mamie,Selby,mselbyi@acquirethisname.com,40283 Russell Hill,Weekly,Losartan Potassium and Hydrochlorothiazide
20,Sheila,Lydon,slydonj@angelfire.com,160 Fuller Alley,Seldom,Allergenic Extracts Alum Precipitated
21,Kristoffer,Vaines,kvainesk@miitbeian.gov.cn,129 Lyons Trail,Never,Octisalate Oxybenzone Padimate O
22,Ezmeralda,Okenfold,eokenfoldl@list-manage.com,559 Brentwood Hill,Yearly,Zidovudine
23,Jamaal,MacDearmid,jmacdearmidm@purevolume.com,71 Fairview Park,Monthly,Methylphenidate Hydrochloride
24,Othelia,Murtimer,omurtimern@prlog.org,4 Hallows Drive,Never,dimethicone
25,Dewie,Goodsal,dgoodsalo@upenn.edu,06535 Mallory Street,Monthly,MENTHOL
26,Euell,Goley,egoleyp@intel.com,9 Graedel Way,Seldom,insulin detemir
27,Cyril,Brownstein,cbrownsteinq@prnewswire.com,7 Dapin Alley,Once,Hydrocortisone
28,Quill,Loalday,qloaldayr@geocities.com,542 Waxwing Drive,Daily,Acetaminophen
29,Giovanna,Germain,ggermains@example.com,61155 Brown Road,Yearly,"LIDOCAINE HYDROCHLORIDE,EPINEPHRINE BITARTRATE"
30,Stormy,Sabben,ssabbent@google.fr,032 Merrick Street,Once,levonorgestrel and ethinyl estradiol
31,Tedi,Corrin,tcorrinu@hc360.com,0153 Charing Cross Drive,Never,Flecainide Acetate
32,Annmaria,Bloore,abloorev@java.com,89 Continental Crossing,Seldom,"vitamin/mineral supplement with magnesium carbonate, calcium carbonate and folic acid"
33,Alys,Tremonte,atremontew@so-net.ne.jp,84 Forest Run Circle,Once,Dexamethasone Sodium Phosphate
34,Kevyn,Widmore,kwidmorex@dion.ne.jp,1822 Vernon Terrace,Yearly,Juglans regia
35,Quinn,Flather,qflathery@networkadvertising.org,13 Memorial Court,Once,Bismuth Subsalicylate
36,Trev,Vockins,tvockinsz@bizjournals.com,9099 Pierstorff Crossing,Never,glycerin
37,Corilla,Rossbrook,crossbrook10@indiatimes.com,428 Reindahl Drive,Never,SALICYLIC ACID
38,Chelsy,Reary,creary11@sphinn.com,684 Manufacturers Street,Daily,WOOD CREOSOTE
39,Hieronymus,Spera,hspera12@gnu.org,83366 Summer Ridge Court,Yearly,FLUORIDE TREATMENT
40,Hannah,Silverthorn,hsilverthorn13@newyorker.com,01 Eastlawn Street,Yearly,Isopropyl alcohol
41,Brinna,Libri,blibri14@jugem.jp,2805 Knutson Hill,Often,sodium fluoride
42,Etty,Kave,ekave15@sitemeter.com,16779 Union Hill,Daily,Cephalexin
43,Otto,Bushrod,obushrod16@instagram.com,24 Roth Parkway,Weekly,PROPOFOL
44,Dodie,Dockerty,ddockerty17@nymag.com,0837 Becker Place,Once,Warfarin Sodium
45,Mirelle,Alban,malban18@fema.gov,97278 Nelson Trail,Never,oxycodone hydrochloride
46,Noemi,Rodolfi,nrodolfi19@reverbnation.com,0980 Lerdahl Place,Weekly,ALCOHOL
47,Dael,Czyz,dczyz1a@state.tx.us,03817 Anzinger Pass,Seldom,"OCTINOXATE, OXYBENZONE"
48,Nancie,Gallegos,ngallegos1b@angelfire.com,53 Scofield Crossing,Monthly,ZONISAMIDE
49,Sherry,Jewel,sjewel1c@chronoengine.com,2 Jana Street,Often,Astragalus e rad. 3
50,Augustine,Askell,aaskell1d@yale.edu,086 Bunting Street,Weekly,HYDROCORTISONE ACETATE
51,Tiffie,Puzey,tpuzey1e@yandex.ru,1786 Blackbird Road,Seldom,Protriptyline Hydrochloride
52,Tarrance,Ramsby,tramsby1f@java.com,6 Rieder Center,Daily,Flaxseed
53,Elly,Torfin,etorfin1g@pagesperso-orange.fr,75 Algoma Point,Weekly,scopolamine
54,Aleda,Frary,afrary1h@istockphoto.com,9514 Duke Place,Yearly,diphenhydramine hydrochloride
55,Chrisse,Harrema,charrema1i@mapy.cz,415 Harbort Road,Monthly,CHLORHEXIDINE GLUCONATE
56,Ulick,Caldeiro,ucaldeiro1j@vkontakte.ru,355 Grasskamp Alley,Often,Undecylenic Acid
57,Jsandye,Lidgley,jlidgley1k@telegraph.co.uk,05703 Oxford Road,Often,Ropinirole Hydrochloride
58,Nikkie,Sandels,nsandels1l@shareasale.com,61 Russell Street,Never,Acetaminophen
59,Conchita,Hanwell,chanwell1m@ihg.com,635 Stephen Place,Daily,MENTHOL
60,Hamish,Berrisford,hberrisford1n@etsy.com,263 Debs Trail,Never,Anticoagulant Citrate Phosphate Dextrose (CPD) Solution and ADSOL Preservation Solution
61,Emogene,Lindenbaum,elindenbaum1o@engadget.com,9008 Wayridge Court,Daily,topiramate
62,Rob,Parsand,rparsand1p@microsoft.com,063 Bowman Pass,Daily,Octinoxate and Oxybenzone
63,Wat,Hewson,whewson1q@theglobeandmail.com,8186 Atwood Hill,Never,Hydrocodone Bitartrate And Acetaminophen
64,Janie,Binstead,jbinstead1r@vkontakte.ru,6722 Sundown Parkway,Never,ropinirole hydrochloride
65,Roze,Grayling,rgrayling1s@answers.com,16 Myrtle Terrace,Monthly,Chlordiazepoxide Hydrochloride
66,Shandie,de Clerk,sdeclerk1t@youtu.be,2745 Moulton Point,Weekly,TITANIUM DIOXIDE
67,Rafaello,Dowley,rdowley1u@unblog.fr,617 Schlimgen Junction,Daily,Aluminum Zirconium Trichlorohydrex Gly
68,Belita,Hallows,bhallows1v@odnoklassniki.ru,2181 Saint Paul Plaza,Yearly,Ketoprofen
69,Chauncey,Rubertis,crubertis1w@jugem.jp,60 Everett Point,Daily,Metoprolol Tartrate
70,Shep,Shakesby,sshakesby1x@sina.com.cn,51 Veith Parkway,Yearly,sertraline hydrochloride
71,Tudor,Durrant,tdurrant1y@state.gov,35068 Tennessee Hill,Daily,Neutral Sodium Fluoride
72,Merlina,Blachford,mblachford1z@godaddy.com,5210 Caliangt Lane,Never,PROCAINAMIDE HYDROCHLORIDE
73,Adoree,Whithalgh,awhithalgh20@shop-pro.jp,8 Weeping Birch Street,Never,Octinoxate
74,Fara,Finessy,ffinessy21@ameblo.jp,862 Corben Road,Yearly,perampanel
75,Kale,Brobeck,kbrobeck22@cocolog-nifty.com,95433 Buena Vista Road,Daily,COMFREY ROOT
76,Angelina,McDonogh,amcdonogh23@wiley.com,6662 Elgar Way,Weekly,Fluphenazine Decanoate
77,Carlos,Riby,criby24@sciencedirect.com,24698 Springview Trail,Often,Acetaminophen
78,Fidel,Brittoner,fbrittoner25@slideshare.net,3847 Cardinal Crossing,Daily,Etodolac
79,Lillian,Warr,lwarr26@google.ru,50 Red Cloud Circle,Monthly,"ACETAMINOPHEN, DEXTROMETHORPHAN HYDROBROMIDE, DOXYLAMINE SUCCINATE, and PHENYLEPHRINE HYDROCHLORIDE"
80,Wenda,Imbrey,wimbrey27@samsung.com,0 Alpine Drive,Daily,Ceftriaxone Sodium
81,Corrianne,Eveling,ceveling28@china.com.cn,1 Graceland Plaza,Seldom,"Cochlearia officinalis, Echinacea (Angustifolia), Hydrastis canadensis, Lomatium dissectum, Tabebuia impetiginosa, Propolis, Glandula suprarenalis suis,"
82,Deck,Ellam,dellam29@harvard.edu,475 Thackeray Drive,Daily,"Dextroamphetamine Saccharate, Amphetamine Aspartate, Dextroamphetamine Sulfate and Amphetamine Sulfate"
83,Inge,Silcox,isilcox2a@macromedia.com,9155 Union Place,Daily,GABAPENTIN
84,Bernie,Clapham,bclapham2b@ifeng.com,98 Helena Trail,Never,MENTHOL
85,Constanta,Chaman,cchaman2c@nsw.gov.au,54 Esch Pass,Yearly,OXYGEN
86,Marget,Prover,mprover2d@thetimes.co.uk,63347 Mallory Circle,Weekly,ATORVASTATIN CALCIUM
87,Kalil,Schellig,kschellig2e@friendfeed.com,0842 Eagan Street,Weekly,Hazelnut
88,Tana,Georgel,tgeorgel2f@alexa.com,7826 Reindahl Circle,Weekly,ANTI-WRINKLE DAY CREAM
89,Drona,Sanders,dsanders2g@sohu.com,5 Mayer Point,Often,Sodium fluoride
90,Keriann,Heitz,kheitz2h@is.gd,9 4th Trail,Once,Salicylic Acid
91,Corrie,Padbury,cpadbury2i@hao123.com,0 Emmet Plaza,Yearly,Benzoyl Peroxide
92,Jenica,McIllrick,jmcillrick2j@census.gov,2873 Bonner Court,Daily,Doxylamine succinate
93,Valentine,Coling,vcoling2k@baidu.com,9282 Eastwood Trail,Once,Ondansetron Hydrochloride
94,Gunilla,Prewer,gprewer2l@dmoz.org,45 Oak Valley Park,Seldom,valsartan and hydrochlorothiazide
95,Valentijn,Scholig,vscholig2m@berkeley.edu,53 Glacier Hill Park,Monthly,Octinoxate and Octocrylene and Oxybenzone and Octisalate and Meradimate and Titantium Dioxide
96,Darrick,Flips,dflips2n@yellowbook.com,325 Pankratz Way,Monthly,Azithromycin
97,Dixie,Akester,dakester2o@wordpress.com,233 Messerschmidt Drive,Often,Acyclovir
98,Hugues,Ferrario,hferrario2p@weibo.com,6 Prentice Center,Weekly,Isopropyl Alcohol
99,Brigid,Sheepy,bsheepy2q@ted.com,77 Eagan Court,Once,Selenium sulfide
100,Prue,Keymar,pkeymar2r@tinyurl.com,4889 School Junction,Often,TAMSULOSIN HYDROCHLORIDE
101,Amii,Jellett,ajellett2s@java.com,93523 Tomscot Circle,Weekly,"Acetaminophen, Aspirin, and Caffeine"
102,Millie,Conaghy,mconaghy2t@surveymonkey.com,16752 Calypso Drive,Once,Amlodipine besylate and Atorvastatin calcium
103,Liam,MacGarvey,lmacgarvey2u@dell.com,46 South Terrace,Once,Doxazosin Mesylate
104,Jarred,Ellens,jellens2v@about.com,8 Arizona Road,Weekly,UREA
105,Leora,Lappine,llappine2w@imgur.com,23 Meadow Ridge Terrace,Never,Sodium Chloride
106,Bobinette,Lipman,blipman2x@oakley.com,03054 Colorado Park,Monthly,"octinoxate, octisalate, and avobenzone"
107,De,Yggo,dyggo2y@wp.com,2706 Ridgeway Lane,Never,Turnip
108,Ogdan,Artingstall,oartingstall2z@cisco.com,205 Montana Way,Yearly,Chloroxylenol
109,Maxy,Theriot,mtheriot30@nih.gov,7005 Kingsford Circle,Once,TITANIUM DIOXIDE
110,Rollin,Pipping,rpipping31@about.me,72591 Fairfield Trail,Yearly,Olive Leaf Vaginal Spray
111,Phil,Boom,pboom32@baidu.com,971 Claremont Lane,Monthly,AGALSIDASE BETA
112,Bayard,Grim,bgrim33@posterous.com,58 Nobel Trail,Never,"Octinoxate, octisalate, octocrylene, titanium dioxide"
113,Aili,Exall,aexall34@umn.edu,232 Northridge Court,Daily,Atovaquone
114,Arthur,Elner,aelner35@globo.com,7 Stoughton Center,Monthly,"Anacardium orientale, Antimon.crud., Arg. nit., Berber. vulg., Bryonia, Chelidonium majus, Digitalis, Graphites, Humulus,Iris versicolor, Kali carb., Lycopodium, Nat. carb.,Nat. sulphuricum, Nux vom., Pulsatilla, Rhus. toxicodendron, Scutellaria lateriflora, Sepia,Stramonium, Chamomilla, Passiflora, Valeriana."
115,Caria,Jolland,cjolland36@phoca.cz,7626 Mallory Park,Yearly,ibuprofen
116,Gale,Panswick,gpanswick37@wix.com,1 Fallview Trail,Never,levocetirizine Dihydrochloride
117,Theodora,Guyet,tguyet38@aboutads.info,875 Calypso Pass,Often,Digoxin
118,Carlyle,Blaszczynski,cblaszczynski39@uiuc.edu,69864 Fulton Terrace,Seldom,losartan potassium
119,Alessandro,Cancutt,acancutt3a@walmart.com,8683 Sloan Way,Often,Sumatriptan Succinate
120,Towney,Fursse,tfursse3b@va.gov,87517 Reinke Crossing,Never,"Acetaminophen, Dextromethorphan Hydrobromide, Guaifenesin, Phenylephrine Hydrochloride"
121,Brnaba,Le Galle,blegalle3c@dot.gov,42862 Summer Ridge Crossing,Yearly,Sertraline Hydrochloride
122,Mil,Sturridge,msturridge3d@vk.com,12506 Little Fleur Hill,Never,Salicylic acid
123,Marta,Oddie,moddie3e@craigslist.org,02 Florence Way,Monthly,Cattle Hair and Dander
124,Babbie,Mullin,bmullin3f@purevolume.com,6866 Lighthouse Bay Alley,Daily,Levothyroxine sodium
125,Bat,Andreas,bandreas3g@usatoday.com,41048 American Hill,Yearly,GLYCERIN
126,Blaine,Alberti,balberti3h@usda.gov,4606 Alpine Hill,Once,Magesium Citrate
127,Kim,Aron,karon3i@chronoengine.com,443 Shasta Lane,Monthly,Oxytocin
128,Belia,Warden,bwarden3j@ask.com,72435 Maple Pass,Never,Olea Europaea
129,Basile,Corona,bcorona3k@jugem.jp,2 Eggendart Hill,Daily,rizatriptan benzoate
130,Benoit,Tucker,btucker3l@diigo.com,87 Twin Pines Hill,Never,"GLYCERIN, ALLANTOIN"
131,Adan,Rhubottom,arhubottom3m@google.com.br,96 Melody Junction,Never,Ibuprofen
132,Marj,Blore,mblore3n@cdbaby.com,467 Messerschmidt Road,Seldom,"PULSATILLA, ALLIUM CEPA, ARSENICUM ALBUM, NUX VOMICA, EUPHRASIA OFFICINALIS, SABADILLA, STICTA PULMONARIA, ARALIA RACEMOSA, CUPRUM METALLICUM"
133,Bridgette,Stubley,bstubley3o@craigslist.org,13340 Declaration Street,Weekly,ALUMINUM ZIRCONIUM TETRACHLOROHYDREX GLY
134,Sarita,Breslau,sbreslau3p@de.vu,73 Hanover Court,Daily,Alcohol
135,Rafael,Crookston,rcrookston3q@marketwatch.com,6489 Haas Pass,Yearly,"Zinc Oxide, Titanium Dioxide"
136,Theresita,Hunn,thunn3r@baidu.com,4 Bellgrove Alley,Monthly,Codfish
137,Gannon,Pragnell,gpragnell3s@arizona.edu,1088 Roxbury Point,Often,Docusate sodium
138,Gloria,Foord,gfoord3t@ovh.net,2913 Eliot Center,Often,Ranitidine
139,Kat,Gauvain,kgauvain3u@fda.gov,985 Hanson Way,Never,Lorazepam
140,Felizio,Megson,fmegson3v@alibaba.com,9477 Continental Court,Once,Pseudoephedrine HCl
141,Alley,Jory,ajory3w@qq.com,149 Tomscot Hill,Weekly,Echinacea Thuja
142,Thain,Summergill,tsummergill3x@over-blog.com,063 Dottie Pass,Monthly,povidone-iodine
143,Annette,Aymer,aaymer3y@timesonline.co.uk,93 Morrow Circle,Seldom,Cimetidine
144,Farica,Fenemore,ffenemore3z@europa.eu,06899 Service Crossing,Weekly,OCTINOXATE
145,Aldis,Brydson,abrydson40@economist.com,19 Everett Lane,Weekly,Chloroxylenol
146,Theadora,Cradduck,tcradduck41@ning.com,49537 Transport Junction,Daily,"ONION, CALCIUM SULFIDE, SODIUM CHLORIDE, PHOSPHORUS, PULSATILLA VULGARIS, SULFUR, and GOLDENSEAL"
147,Parry,Pickwell,ppickwell42@sohu.com,6 Superior Avenue,Daily,olmesartan medoxomil
148,Chrissie,Rimbault,crimbault43@booking.com,006 Hoffman Alley,Monthly,Diazepam
149,Arabele,Billsberry,abillsberry44@sphinn.com,264 Ludington Alley,Monthly,Benzocaine
150,Rudiger,McIlwraith,rmcilwraith45@google.ru,51231 Clyde Gallagher Avenue,Often,KETOROLAC TROMETHAMINE
151,Hayes,Andryunin,handryunin46@wikimedia.org,31 Pennsylvania Plaza,Daily,DAPHNE MEZEREUM BARK
152,Noel,Darnody,ndarnody47@ca.gov,9633 Vera Point,Seldom,"influenza a virus a/christchurch/16/2010 nib-74 (h1n1) antigen (propiolactone inactivated), influenza a virus a/victoria/361/2011 ivr-165 (h3n2) antigen (propiolactone inactivated), influenza b virus b/hubei-wujiagang/158/2009 bx-39 antigen (propiolactone inactivated) and Isopropyl Alcohol"
153,Neill,Brock,nbrock48@senate.gov,663 Graedel Alley,Yearly,Trichophyton mentagrophytes
154,Leopold,Blythin,lblythin49@theguardian.com,63968 Fair Oaks Terrace,Yearly,Aluminum Zirconium Tetrachlorohydrex Gly
155,Denney,Swindells,dswindells4a@economist.com,21696 Bluejay Road,Often,Glycopyrrolate
156,Edvard,McCrisken,emccrisken4b@yandex.ru,3 Alpine Trail,Daily,FUSARIUM VASINFECTUM
157,Sherwood,Sleney,ssleney4c@istockphoto.com,794 Lyons Junction,Weekly,ENALAPRIL MALEATE
158,Conrad,Mathan,cmathan4d@globo.com,98761 Eastwood Trail,Never,"OCTINOXATE, TITANIUM DIOXIDE"
159,Brigg,Mityushkin,bmityushkin4e@google.it,0 Springs Crossing,Weekly,"butalbital, acetaminophen and caffeine"
160,Cassaundra,Whiskerd,cwhiskerd4f@mozilla.org,78095 Fordem Trail,Often,"Acetaminophen, Chlorpheniramine maleate, Phenylephrine HCl"
161,Terrie,Coltart,tcoltart4g@npr.org,1512 Carberry Hill,Seldom,Acetaminophen
162,Morley,Walsham,mwalsham4h@reddit.com,1 Bashford Road,Often,"Octinoxate, Octisalate, and Titanium Dioxide"
163,Renato,Copestick,rcopestick4i@live.com,333 Burrows Trail,Seldom,SODIUM FLUORIDE F-18
164,Sherilyn,Gregorin,sgregorin4j@mozilla.com,11128 Lighthouse Bay Court,Monthly,Sumatriptan
165,Ortensia,Clewlow,oclewlow4k@slideshare.net,1709 Quincy Junction,Never,testosterone
166,Ronnie,Wickersham,rwickersham4l@aboutads.info,640 Hagan Lane,Never,ivacaftor
167,Shari,Stellman,sstellman4m@live.com,3 Loftsgordon Crossing,Daily,pilocarpine hydrochloride
168,Cleve,Scaplehorn,cscaplehorn4n@moonfruit.com,722 Namekagon Junction,Yearly,SHEER COLOUR LIPSHINE
169,Addia,Davidow,adavidow4o@pcworld.com,908 Sommers Point,Weekly,Rosuvastatin calcium
170,Valentine,Girardy,vgirardy4p@youtube.com,7070 Northfield Way,Weekly,"Avobenzone, Homosalate, Octinoxate, Octisalate"
171,Eberhard,Giottini,egiottini4q@csmonitor.com,14 Arkansas Parkway,Weekly,Terbinafine
172,Davine,Newnham,dnewnham4r@hao123.com,079 Donald Street,Seldom,Magnesium Hydroxide
173,Ernaline,Blackway,eblackway4s@acquirethisname.com,5773 Old Shore Crossing,Monthly,ALLANTOIN
174,Johnna,Rumke,jrumke4t@mac.com,156 Northfield Trail,Seldom,Zinc Oxide
175,Crawford,Coggin,ccoggin4u@ca.gov,87520 Judy Junction,Once,Gabapentin
176,Ninon,Pharo,npharo4v@yolasite.com,6 Stang Court,Weekly,Cilostazol
177,Donovan,Ughi,dughi4w@google.pl,30502 Bartelt Avenue,Daily,Fludarabine Phosphate
178,Marthe,Moubray,mmoubray4x@shareasale.com,83744 Scott Lane,Once,"Titanium Dioxide, Octinoxate, Octisalate"
179,Caryl,Greatrakes,cgreatrakes4y@myspace.com,6 Butternut Center,Seldom,Erythromycin Ethylsuccinate
180,Wenona,Bond,wbond4z@adobe.com,8383 Jenna Court,Once,Sodium monofluorophosphate
181,Gabbie,Sweating,gsweating50@ucla.edu,5724 Ridgeway Circle,Seldom,"Acetaminophine, caffeine"
182,Steffen,Tatteshall,statteshall51@blogger.com,4120 Dixon Point,Monthly,Cefoxitin Sodium
183,Bettye,Ley,bley52@va.gov,3 Riverside Park,Seldom,Natural Medicine
184,Brose,Portwaine,bportwaine53@yandex.ru,3 Fairview Trail,Seldom,Felodipine
185,Fey,Woloschinski,fwoloschinski54@addthis.com,85 Corben Park,Yearly,SODIUM FLUORIDE
186,Jessie,Brash,jbrash55@amazon.de,07652 Merchant Trail,Once,Valproic Acid
187,Kalle,Leyden,kleyden56@bizjournals.com,06 Chive Circle,Daily,Metformin Hydrochloride
188,Lynne,Tomsa,ltomsa57@adobe.com,4524 Trailsway Avenue,Weekly,Magnesium Carbonate
189,Viviyan,Acton,vacton58@joomla.org,29156 Shoshone Street,Often,Trandolapril
190,Jermaine,Babington,jbabington59@theguardian.com,6560 Golf Street,Never,"phenylephrine hcl, brompheniramine maleate"
191,Dinny,Tripcony,dtripcony5a@unesco.org,87 Vernon Avenue,Yearly,Aluminum Chlorohydrate
192,Charmane,Mettrick,cmettrick5b@prweb.com,1 Ohio Lane,Often,SULFUR
193,Sheeree,Kalf,skalf5c@epa.gov,370 Oneill Plaza,Once,AMOXICILLIN
194,Hillery,Ros,hros5d@youku.com,17 Walton Plaza,Once,"DEXTROMETHORPHAN HYDROBROMIDE, CHLORPHENIRAMINE MALEATE, and PHENYLEPHRINE HYDROCHLORIDE"
195,Max,Talkington,mtalkington5e@amazonaws.com,3308 Ridge Oak Center,Often,"AVOBENZONE, HOMOSALATE, OCTISALATE, OCTOCRYLENE, OXYBENZONE"
196,Lombard,Bruckental,lbruckental5f@newsvine.com,5976 Bluejay Court,Weekly,Oxygen
197,Micheil,Orvis,morvis5g@gnu.org,7963 Meadow Ridge Circle,Daily,Cephalexin
198,Brynn,Hartle,bhartle5h@hostgator.com,63197 Warbler Trail,Often,ATORVASTATIN CALCIUM
199,Elene,Rummings,erummings5i@state.gov,09 Randy Trail,Once,Loratadine
200,Abdul,Sterricks,asterricks5j@hp.com,82136 1st Crossing,Monthly,Triamterene and Hydrochlorothiazide
201,Anica,Cosker,acosker5k@privacy.gov.au,1 Darwin Plaza,Seldom,Acetaminophen
202,Ethelred,Cossum,ecossum5l@cnn.com,02 Chinook Street,Monthly,Octinoxate and Oxybenzone
203,Sherill,Dirkin,sdirkin5m@whitehouse.gov,28265 Harbort Parkway,Monthly,"Mineral oil, petrolatum, phenylephrine hcl"
204,Rube,McArtan,rmcartan5n@archive.org,419 Northfield Lane,Weekly,salicylic acid
205,Bartholemy,Osichev,bosichev5o@unicef.org,946 Dorton Street,Never,BENZETHONIUM CHLORIDE
206,Shae,Treby,streby5p@vimeo.com,088 Chive Hill,Monthly,Ramipril
207,Olga,Gostick,ogostick5q@mayoclinic.com,6 Shasta Way,Weekly,Probenecid
208,Kenyon,Cowlam,kcowlam5r@webeden.co.uk,05 Reindahl Terrace,Once,WITCH HAZEL
209,Garth,Bernlin,gbernlin5s@go.com,95 Darwin Hill,Often,Disopyramide Phosphate
210,Leanor,Card,lcard5t@guardian.co.uk,493 Cardinal Hill,Often,Queen Palm
211,Barnabe,Sprigin,bsprigin5u@umich.edu,132 Hauk Court,Once,"Aconitum nap., Aur. met., Belladonna, Causticum, Cinchona, Colchicum, Euphrasia, Gelsemium, Nux vom., Osmium metallicum, Phosphorus, Physostigma, Rhus toxicodendron, Spigelia anth."
212,Ruthie,Binnell,rbinnell5v@theglobeandmail.com,24889 Crowley Place,Monthly,Oxygen
213,Lek,Creffield,lcreffield5w@qq.com,286 Farragut Hill,Daily,Aminocaproic Acid
214,Edyth,MacKeague,emackeague5x@booking.com,2 Moose Drive,Never,galantamine
215,Chelsea,Alp,calp5y@altervista.org,1464 Nancy Crossing,Often,Lisinopril
216,Fonsie,Crowdson,fcrowdson5z@chicagotribune.com,70 Reindahl Pass,Monthly,Folic Acid
217,Leyla,Washtell,lwashtell60@smugmug.com,1861 Cody Plaza,Monthly,Levothyroxine Sodium
218,Estevan,Muddle,emuddle61@blogspot.com,97970 Cottonwood Crossing,Often,Triamcinolone Acetonide
219,Carmelia,Croker,ccroker62@people.com.cn,25 Buell Trail,Never,"Dextrose Monohydrate, Sodium Chloride, Calcium Chloride, Magnesium Chloride, Sodium Lactate"
220,Riane,Bessett,rbessett63@github.com,4317 Lindbergh Way,Monthly,Clotrimazole
221,Konstance,Romand,kromand64@g.co,3 Corscot Street,Seldom,"acetaminophen, aspirin, and caffeine"
222,Gerald,Gergus,ggergus65@prlog.org,9351 Merrick Trail,Daily,benzocaine and benzethonium chloride
223,Mischa,Shemming,mshemming66@tuttocitta.it,99 Chive Pass,Monthly,Cattle Hair and Dander
224,Simon,Espinheira,sespinheira67@gizmodo.com,961 Dakota Way,Yearly,HAEMOPHILUS INFLUENZAE TYPE B
225,Aigneis,Bielby,abielby68@drupal.org,1 Dwight Way,Often,Pantoprazole Sodium
226,Fallon,Crigin,fcrigin69@unblog.fr,37241 Westport Way,Seldom,ACTIVATED CHARCOAL - ANTIMONY TRISULFIDE - BISMUTH SUBNITRATE - DIOSCOREA VILLOSA ROOT - DOPAMINE - HUMAN EPIDERMAL GROWTH FACTOR - IPECAC - OREGANO - PICEA MARIANA RESIN - ROBINIA PSEUDOACACIA BARK -
227,Maurizia,Mileham,mmileham6a@unblog.fr,26563 Melby Trail,Weekly,Nitrogen
228,Jandy,Shimony,jshimony6b@tmall.com,167 Golf View Drive,Never,Sulfamethoxazole and Trimethoprim
229,Juliana,Fawdrie,jfawdrie6c@pinterest.com,24176 Lake View Crossing,Often,"OCTINOXATE, OCTISALATE, OXYBENZONE"
230,Maxine,Vella,mvella6d@oracle.com,227 Laurel Avenue,Never,Ibuprofen
231,Haily,Everington,heverington6e@marketwatch.com,24 Merrick Circle,Seldom,DEXTROSE MONOHYDRATE
232,Lyman,Broy,lbroy6f@yellowpages.com,59817 Boyd Avenue,Daily,Bupropion Hydrochloride
233,Barri,Dewan,bdewan6g@blinklist.com,58598 Golden Leaf Parkway,Seldom,Anticaries
234,Alexina,Barrack,abarrack6h@cyberchimps.com,6898 Starling Point,Daily,"Histaminum hydrochloricum,Thyroidinum, Aconitum nap., Arsenicum alb., Bryonia, Cactus, Calc. fluor., Ceanothus, Cinchona, Convallaria, Digitalis, Gelsemium, Glonoinum, Hydrocoyle, Kali carb., Lachesis, Naja, nat carb., Nat mur., Nux vom., Phosphorus, Pullsatilla, Rhus toxicodendron, Strophanthus hispidus, Sulphur, Echinacea"
235,Annalise,Swindin,aswindin6i@xrea.com,1114 Fairview Lane,Yearly,OXYGEN
236,Alissa,Dignam,adignam6j@foxnews.com,5 Delaware Lane,Weekly,loperamide HCl
237,Lezley,Arrowsmith,larrowsmith6k@nsw.gov.au,12794 Hauk Pass,Yearly,EUCALYPTOL
238,Rowe,Downgate,rdowngate6l@illinois.edu,5 Rockefeller Drive,Yearly,"BROMPHENIRAMINE MALEATE, DEXTROMETHORPHAN HYDROBROMIDE, and PHENYLEPHRINE HYDROCHLORIDE"
239,Oliviero,Summerfield,osummerfield6m@1und1.de,30 Golf Course Parkway,Never,Acetaminophen
240,Gothart,oldey,goldey6n@tinypic.com,75995 6th Avenue,Never,"benzalkonium chloride, lidocaine hydrochloride"
241,Vivyanne,Hurich,vhurich6o@google.cn,3822 Emmet Hill,Daily,DESLORATADINE
242,Rosetta,Nevill,rnevill6p@howstuffworks.com,12611 Eastlawn Crossing,Seldom,OCTINOXATE
243,Shelby,Timewell,stimewell6q@amazon.com,1622 Porter Court,Seldom,Hydrogen Peroxide
244,Aleta,Stickland,astickland6r@comcast.net,0425 Brickson Park Parkway,Weekly,"Activated Charcoal, Copper, Drosera Rotundifolia, Ipecac, Lachesis Muta Venom, Lobelia Inflata, Phosphorus, Pulsatilla Vulgaris, Rumex Crispus Root, Spongia Officinalis Skeleton, Roasted"
245,Nichol,Balmer,nbalmer6s@cocolog-nifty.com,81060 Di Loreto Court,Never,MICONAZOLE
246,Fey,Remer,fremer6t@linkedin.com,4 Eagan Plaza,Never,methocarbamol
247,Corliss,Toke,ctoke6u@unesco.org,806 Brentwood Pass,Daily,Doxazosin Mesylate
248,Bernelle,Liebermann,bliebermann6v@amazon.de,9867 Sachtjen Parkway,Yearly,"AVOBENZONE, OCTOCRYLENE, OXYBENZONE"
249,Gwenni,Bernardelli,gbernardelli6w@fc2.com,39127 Maywood Lane,Seldom,Cetylpyridinium Chloride
250,Cristiano,Speller,cspeller6x@discuz.net,5174 Emmet Plaza,Seldom,Diltiazem Hydrochloride
251,Daphna,Beche,dbeche6y@google.de,22 Laurel Road,Monthly,RAMIPRIL
252,Vinny,Downs,vdowns6z@tuttocitta.it,08 Fuller Avenue,Seldom,OCTINOXATE and OXYBENZONE
253,Anastasie,Bausmann,abausmann70@angelfire.com,794 Melby Alley,Never,Cephalexin
254,Jobyna,O'Halleghane,johalleghane71@theglobeandmail.com,6 Ohio Place,Weekly,gemifloxacin mesylate
255,Conrad,Halegarth,chalegarth72@ovh.net,32693 Bluestem Pass,Often,"ZINC OXIDE, TITANIUM DIOXIDE, PHENYLBENZIMIDAZOLE SULFONIC ACID"
256,Almire,Burdekin,aburdekin73@arizona.edu,31686 Nevada Junction,Monthly,Docusate Calcium
257,Tull,Vargas,tvargas74@amazonaws.com,18 New Castle Court,Weekly,Naproxen
258,Budd,Lazar,blazar75@flavors.me,38587 Lillian Alley,Yearly,Tramadol Hydrochloride
259,Bogey,Cuthbertson,bcuthbertson76@diigo.com,38 Parkside Street,Often,"ascorbic acid, folic acid, vitamin b-12, biotin, iron, magnesium, zinc"
260,Dorrie,Gumn,dgumn77@tuttocitta.it,075 Fulton Avenue,Daily,"Acetaminophen, Diphenhydramine HCl"
261,Hubie,Shallo,hshallo78@reuters.com,13406 Briar Crest Circle,Seldom,Gabapentin
262,Ashlie,Abel,aabel79@microsoft.com,96278 Pawling Trail,Once,Sage Mixture
263,Galina,Bussen,gbussen7a@123-reg.co.uk,90 Rutledge Avenue,Monthly,"Abrotanum, Anacardium, Arsenicum Alb, Baryta Carb, Baryta Mur, Calc Carb, Calc Fluor, Calc Phos, Ferrum Met, Fucus, Hekla, Hellbor Nig, Ignatia, Lycopodium, Nicotinamidum, Secale, Silicea"
264,Nichole,Pudney,npudney7b@berkeley.edu,67455 Grayhawk Trail,Yearly,"ACETAMINOHPEN, DEXTROMETHORPHAN HBr, PHENYLEPHRINE HCl"
265,Feliza,Storcke,fstorcke7c@sogou.com,81 Almo Place,Seldom,Hyoscyamine Sulfate
266,Celine,McDonough,cmcdonough7d@issuu.com,866 Lawn Plaza,Yearly,MEROPENEM
267,Sollie,Mallabon,smallabon7e@privacy.gov.au,22019 Waywood Avenue,Seldom,AMERICAN COCKROACH
268,Ulberto,Stirman,ustirman7f@godaddy.com,0013 Kim Drive,Yearly,Simvastatin
269,Alon,Carlucci,acarlucci7g@wix.com,45697 Shasta Drive,Seldom,ONDANSETRON HYDROCHLORIDE
270,Lita,Iredale,liredale7h@indiegogo.com,21662 Gulseth Plaza,Daily,SODIUM MONOFLUOROPHOSPHATE
271,Darleen,McTerlagh,dmcterlagh7i@yolasite.com,72 Becker Way,Daily,Niacin
272,Chery,MacInherney,cmacinherney7j@shinystat.com,61547 Welch Lane,Often,Guaifenesin
273,Teador,Pusey,tpusey7k@dailymotion.com,97 Nevada Pass,Often,"Acetaminophen, Dextromethorphan Hydrobromide, and Phenylephrine Hydrochloride"
274,Dinnie,Colpus,dcolpus7l@linkedin.com,643 Park Meadow Avenue,Monthly,Sulfur and Thuja Occidentalis
275,Avigdor,Beedon,abeedon7m@networkadvertising.org,8882 Ramsey Trail,Seldom,Doxycycline Hyclate
276,Garv,Latimer,glatimer7n@mediafire.com,73148 Oak Avenue,Never,Clarithromycin
277,Thedric,Coggon,tcoggon7o@ovh.net,2031 Hoffman Court,Once,Atorvastatin Calcium
278,Myrwyn,Ackerley,mackerley7p@ft.com,43474 Hanson Lane,Once,Cevimeline Hydrochloride
279,Chad,Milbank,cmilbank7q@odnoklassniki.ru,2 Ilene Place,Monthly,Corn Smut
280,Angel,Bickerton,abickerton7r@mlb.com,95 Crescent Oaks Park,Daily,"OCTINOXATE, OCTISALATE, OXYBENZONE"
281,Wanids,Chapellow,wchapellow7s@merriam-webster.com,270 Kenwood Lane,Yearly,not applicable
282,Hayward,Borne,hborne7t@wikipedia.org,57 Di Loreto Avenue,Daily,Betamethasone Dipropionate
283,Stefan,Lyles,slyles7u@psu.edu,529 Dayton Way,Often,clonidine hydrochloride
284,Lishe,Swinerd,lswinerd7v@360.cn,76 Luster Crossing,Once,Salicylic Acid
285,Corey,Perone,cperone7w@epa.gov,940 Mallard Trail,Weekly,Nitroglycerin
286,Dominique,Gladden,dgladden7x@last.fm,8 Fulton Avenue,Often,prednicarbate
287,Noami,Whitty,nwhitty7y@cbslocal.com,5 Elmside Hill,Weekly,Zolpidem Tartrate
288,Clarette,Fraczek,cfraczek7z@weebly.com,69 Linden Junction,Yearly,"Butalbital, Acetaminophen and Caffeine"
289,Etti,Wong,ewong80@utexas.edu,7120 Arrowood Junction,Often,"Octinoxate, Octisalate, and Oxybenzone"
290,Nathanial,Village,nvillage81@pagesperso-orange.fr,16 Shopko Plaza,Daily,Magnesium Salicylate
291,Emmanuel,Finnis,efinnis82@columbia.edu,4 Hallows Hill,Never,ALCOHOL
292,Harvey,Dobrowski,hdobrowski83@nhs.uk,01 Mallard Way,Never,Docusate Sodium
293,Benn,Maisey,bmaisey84@google.ca,91808 Sunbrook Junction,Weekly,"Acetaminophen, Dextromethorphan HBr"
294,Sue,Kaasmann,skaasmann85@reference.com,46769 Swallow Court,Yearly,Japanese Black Pine
295,Orlando,Tackell,otackell86@gov.uk,5 Maple Wood Pass,Weekly,Sodium chloride
296,Audrey,Duly,aduly87@arstechnica.com,78862 Moulton Avenue,Monthly,LEVETIRACETAM
297,Cozmo,Greensall,cgreensall88@smugmug.com,1559 5th Junction,Never,Tamsulosin Hydrochloride
298,Tudor,Blanning,tblanning89@archive.org,76 Moland Terrace,Daily,"Acetaminophen, Aspirin, Caffeine"
299,Philis,Hayen,phayen8a@newsvine.com,15695 Colorado Circle,Seldom,topiramate
300,Idalia,Laise,ilaise8b@marketwatch.com,1006 Delaware Way,Often,OXYGEN
301,Felipa,Kynder,fkynder8c@pinterest.com,0 Acker Place,Daily,Enalapril Maleate
302,Adah,Bangiard,abangiard8d@scribd.com,9244 Veith Terrace,Often,Haloperidol Decanoate
303,Dalia,Roofe,droofe8e@indiegogo.com,18414 Drewry Place,Never,Acetaminophen
304,Cob,Tillman,ctillman8f@noaa.gov,0633 Butterfield Street,Daily,Diphenhydramine Hydrochloride
305,Jolyn,Luby,jluby8g@cnbc.com,3884 Rigney Point,Daily,Metoclopramide Hydrochloride
306,Mendie,Huxstep,mhuxstep8h@csmonitor.com,90234 Bluejay Center,Once,Prochlorperazine Maleate
307,Margit,Pantone,mpantone8i@ocn.ne.jp,0878 Prairieview Place,Seldom,diclofenac sodium
308,Ingar,Hazeltine,ihazeltine8j@ucoz.com,7908 Delladonna Street,Weekly,WITCH HAZEL
309,Cynthea,Darree,cdarree8k@dailymail.co.uk,0 Hoepker Park,Weekly,"Piperonly Butoxide, Pyrethrum Extract"
310,Jerrold,Dome,jdome8l@taobao.com,84 Rockefeller Trail,Seldom,Levofloxacin
311,Chickie,Delete,cdelete8m@blogspot.com,8 Graceland Pass,Weekly,Sumatriptan Succinate
312,Rollins,Lamps,rlamps8n@icq.com,730 Vermont Road,Yearly,Cattle Hair and Dander
313,Gibbie,Rountree,grountree8o@photobucket.com,69 Mcguire Crossing,Often,"OCTINOXATE, OCTISALATE, OXYBENZONE"
314,Lamond,Niaves,lniaves8p@live.com,95 Morrow Hill,Yearly,Sucralfate
315,Theadora,Hakeworth,thakeworth8q@alexa.com,84 Thackeray Trail,Often,GUAIFENESIN
316,Megan,Lismore,mlismore8r@intel.com,97555 Eastwood Place,Seldom,Baclofen
317,Karoline,Charopen,kcharopen8s@shareasale.com,161 Quincy Point,Weekly,ALCOHOL
318,Laird,McCarrick,lmccarrick8t@wordpress.org,1 North Park,Never,"ZINC, COPPER, MANGANESE, SELENIUM, FLUORINE, and IODINE"
319,Wells,Gauford,wgauford8u@netlog.com,24714 Burrows Way,Never,Benzalkonium Chloride
320,Camey,Askew,caskew8v@unblog.fr,829 Bowman Place,Weekly,"Acetaminophen, Dextromethorphan Hydrobromide, Guaifenesin, Phenylephrine Hydrochloride"
321,Seline,Fowgies,sfowgies8w@princeton.edu,609 Little Fleur Alley,Often,SODIUM FLUORIDE
322,Madalena,Klaas,mklaas8x@sciencedaily.com,9928 Eastwood Lane,Often,acyclovir
323,Job,Mandifield,jmandifield8y@flickr.com,163 Redwing Place,Once,Cyclobenzaprine Hydrochloride
324,Jarrett,Gladhill,jgladhill8z@kickstarter.com,07 Homewood Center,Once,Benzocaine
325,Alaric,Faulkener,afaulkener90@utexas.edu,9 Jana Place,Seldom,OXYGEN
326,Timofei,Djorevic,tdjorevic91@pcworld.com,43 Dorton Drive,Never,Aluminum Zirconium Trichlorohydrex Gly
327,Mellicent,Wimms,mwimms92@cyberchimps.com,28 Maryland Trail,Daily,"TITANIUM DIOXIDE, ZINC OXIDE"
328,Anson,Martinson,amartinson93@amazon.de,90177 Grayhawk Plaza,Daily,Standardized Sweet Vernal Grass Pollen
329,Vilma,Bateman,vbateman94@mapy.cz,86918 Dwight Pass,Never,Ropinirole
330,Asa,Guion,aguion95@umich.edu,1 Arrowood Place,Yearly,calcium carbonate
331,Jemimah,Brower,jbrower96@nba.com,7 Mockingbird Trail,Seldom,"famotidine, calcium carbonate and magnesium hydroxide"
332,Wyatt,Gimenez,wgimenez97@mit.edu,02 Fair Oaks Parkway,Monthly,Titanium Dioxide and Zinc Oxide
333,Vern,Fagge,vfagge98@imageshack.us,228 Pond Crossing,Yearly,Gabapentin
334,Car,O'Riordan,coriordan99@theguardian.com,352 Onsgard Drive,Seldom,Nitroglycerin
335,Keary,Feek,kfeek9a@comcast.net,65 Hoffman Drive,Monthly,Naproxen sodium
336,Melinda,Tilne,mtilne9b@cmu.edu,7952 Brentwood Crossing,Daily,"CALENDULA OFFICINALIS FLOWERING TOP, PHYTOLACCA AMERICANA ROOT, SILICON DIOXIDE, and THUJA OCCIDENTALIS LEAFY TWIG"
337,Alexio,Itzkin,aitzkin9c@shop-pro.jp,03 Eagle Crest Court,Once,diltiazem hydrochloride
338,Anselma,Broadhead,abroadhead9d@samsung.com,96308 Eagan Drive,Once,minocycline hydrochloride
339,Roland,Hambelton,rhambelton9e@devhub.com,8 Coleman Crossing,Seldom,bisoprolol fumarate and hydrochlorothiazide
340,Aleta,Lahy,alahy9f@jugem.jp,073 Sycamore Parkway,Monthly,"Piperonyl butoxide, Pyrethrum extract"
341,Sunny,Blackey,sblackey9g@purevolume.com,40617 Schlimgen Alley,Monthly,Lisinopril
342,Janifer,McAreavey,jmcareavey9h@google.nl,65850 Sunfield Circle,Daily,Finasteride
343,Falito,Gerasch,fgerasch9i@harvard.edu,8 Logan Alley,Yearly,Ibuprofen
344,Allister,Garnson,agarnson9j@indiatimes.com,78488 Monterey Terrace,Never,Mexiletine Hydrochloride
345,Meaghan,Josifovic,mjosifovic9k@g.co,3839 Farragut Street,Once,Lorazepam
346,Prudi,Shirrell,pshirrell9l@goo.ne.jp,010 Oak Valley Alley,Daily,Lamotrigine
347,Rhianna,Beardwell,rbeardwell9m@newyorker.com,82184 Summit Alley,Daily,"Titanium Dioxide, Octinoxate and Octocrylene"
348,Mora,Easun,measun9n@ibm.com,0343 Del Mar Plaza,Seldom,Temozolomide
349,Kleon,Bennion,kbennion9o@so-net.ne.jp,7896 Moland Avenue,Never,"Avobenzone, Octisalate and Octocrylene"
350,Susanna,Svanetti,ssvanetti9p@merriam-webster.com,3 Pepper Wood Circle,Monthly,Calcium Acetate
351,Mable,Harvey,mharvey9q@nydailynews.com,3 Corry Way,Monthly,Hydrocodone Bitartrate and Acetaminophen
352,Harley,Clemenza,hclemenza9r@elegantthemes.com,20 Boyd Crossing,Daily,Citalopram
353,Tirrell,Tonks,ttonks9s@freewebs.com,7 Moulton Park,Never,Western Ragweed
354,Carroll,Matfield,cmatfield9t@artisteer.com,1 Glendale Parkway,Weekly,Trazodone Hydrochloride
355,Gran,Spaduzza,gspaduzza9u@wix.com,694 Amoth Trail,Often,Western Water Hemp
356,Shurwood,McCambrois,smccambrois9v@tumblr.com,321 Bluejay Plaza,Often,calcium carbonate
357,Brynna,Dongate,bdongate9w@si.edu,36972 Morning Center,Once,DOCUSATE SODIUM
358,Kiele,Benallack,kbenallack9x@mlb.com,7 Merrick Center,Yearly,"Arnica 30c, Berberis Vulgaris 30c, Bryonia 30c, Graphites 30c, Hypericum 30c, Kali Carb 30c, Lycopodium 30c, Nat Sulph 30c, Rhus Tox 30c, Ruta Grav 30c"
359,Cheryl,Howsden,chowsden9y@squarespace.com,7037 Arkansas Point,Yearly,Haloperidol Decanoate
360,Stuart,Hussell,shussell9z@vimeo.com,8571 Beilfuss Parkway,Never,THYROID
361,Priscella,Schaffel,pschaffela0@wp.com,3512 Kennedy Court,Weekly,Paricalcitol
362,Constantine,Bushe,cbushea1@drupal.org,278 Fallview Place,Seldom,Benzalkonium Chloride
363,Car,Jimmes,cjimmesa2@blogs.com,5214 Northridge Hill,Never,"Convallaria Majalis, Juglans Nigra, Leonurus Cardiaca, Adonis Vernalis, Magnesia Sulphurica, Kali Chloricum"
364,Norton,Ropcke,nropckea3@buzzfeed.com,6093 Meadow Valley Parkway,Often,Lamotrigine
365,Muffin,Graffin,mgraffina4@google.com.br,44 Toban Park,Weekly,Psyllium
366,Melodie,Leming,mleminga5@webeden.co.uk,6 Mariners Cove Point,Never,Ropinirole Hydrochloride
367,Sherill,Ickowics,sickowicsa6@about.me,21 Knutson Street,Once,Sumatriptan
368,Faustine,Isley,fisleya7@miitbeian.gov.cn,3 Lyons Road,Monthly,Citalopram Hydrobromide
369,Heda,Jirik,hjirika8@joomla.org,6 Melby Way,Often,Glycerin
370,Tani,Millwater,tmillwatera9@ning.com,98 Randy Hill,Once,dextromethorphan polistirex
371,Bobby,Kirwan,bkirwanaa@theglobeandmail.com,85252 Ludington Junction,Daily,"Avobenzone, Homosalate, Octisalate, Octocrylene and Oxybenzone"
372,Alexine,Jotham,ajothamab@foxnews.com,6 Warrior Junction,Yearly,OCTINOXATE
373,Danielle,Squibe,dsquibeac@yelp.com,1 Corscot Way,Daily,"acetaminophen, dextromethorphan Hydrobromide, Phenylephrine Hydrochloride"
374,Maegan,Mouatt,mmouattad@epa.gov,90016 Corben Point,Yearly,"cocoa butter, phenylephrine hcl"
375,Bobbe,Varga,bvargaae@squidoo.com,014 Bayside Hill,Weekly,Oxygen
376,Conant,Devey,cdeveyaf@sciencedirect.com,4 Hovde Park,Monthly,Norethindrone Acetate/Ethinyl Estradiol and Ferrous Fumarate
377,Tessa,Tann,ttannag@google.com.hk,1414 2nd Hill,Daily,Florbetapir F 18
378,Hakeem,Stent,hstentah@skype.com,18 Dawn Court,Yearly,isosorbide dinitrate
379,Judd,Hemms,jhemmsai@xing.com,493 Glacier Hill Circle,Once,"Zinc Oxide, Titanium Dioxide"
380,Karel,Ivanyukov,kivanyukovaj@columbia.edu,629 Dexter Lane,Seldom,Arizona Cypress
381,Chrisse,Izatson,cizatsonak@about.me,488 Weeping Birch Hill,Daily,Pseudoephedrine Hydrochloride
382,Salim,Uphill,suphillal@nhs.uk,32 Thierer Circle,Often,Titanium Dioxide and Zinc Oxide
383,Corny,Hrachovec,chrachovecam@qq.com,266 Meadow Valley Parkway,Yearly,BENZALKONIUM CHLORIDE
384,Joyan,Itschakov,jitschakovan@123-reg.co.uk,82623 Nobel Lane,Often,OCTINOXATE
385,Petr,Wildish,pwildishao@free.fr,1 Warrior Lane,Seldom,Phenylephrine HCl
386,Kimberli,Carsey,kcarseyap@dailymotion.com,6 Texas Pass,Monthly,CALENDULA OFFICINALIS FLOWERING TOP and Thuja occidentalis leafy twig
387,Auguste,Koppke,akoppkeaq@ihg.com,913 Westend Parkway,Yearly,METHYL SALICYLATE
388,Milo,Soffe,msoffear@wikimedia.org,87333 Morningstar Drive,Once,Ibuprofen
389,Giffie,Evenden,gevendenas@icio.us,09379 Dexter Avenue,Yearly,Nicotine Polacrilex
390,Ivette,Moppett,imoppettat@timesonline.co.uk,8046 Ridgeview Plaza,Never,Shrimp
391,Merell,Glancy,mglancyau@usnews.com,065 Dorton Center,Daily,"OCTOCRYLENE, OCTISALATE, AVOBENZONE, OCTINOXATE"
392,Merrel,Sellers,msellersav@washingtonpost.com,7341 Summit Point,Monthly,Atenolol
393,Grayce,Pasfield,gpasfieldaw@bing.com,42 Buell Drive,Weekly,"Elm, American Ulmus americana"
394,Gleda,Umpleby,gumplebyax@soundcloud.com,5150 Birchwood Street,Monthly,ACETAMINOPHEN-PHENYLEPHRINE HYDROCHLORIDE-CHLORPHENIRAMINE MALEATE
395,Karna,Phillpotts,kphillpottsay@gov.uk,2 Vermont Hill,Yearly,coffee bean
396,Henrieta,Fontaine,hfontaineaz@symantec.com,37 Hagan Crossing,Often,SODIUM FLUORIDE
397,Junette,Simons,jsimonsb0@sourceforge.net,4 Bayside Trail,Once,"synthetic conjugated estrogens, A"
398,Nikaniki,Dew,ndewb1@buzzfeed.com,39832 Scott Junction,Monthly,"Piperonyl Butoxide, Pyrethrum Extract"
399,Alfy,McCard,amccardb2@biglobe.ne.jp,0 Warbler Point,Often,Imipramine Hydrochloride
400,Wylie,Cheeld,wcheeldb3@symantec.com,85018 1st Pass,Weekly,THROMBIN HUMAN and FIBRINOGEN
401,Gabey,Woodwind,gwoodwindb4@tinypic.com,2 Valley Edge Circle,Seldom,erythromycin
402,Lindy,Stebbing,lstebbingb5@google.de,60 Corben Avenue,Seldom,Bupropion Hydrochloride
403,Falkner,Chaston,fchastonb6@jugem.jp,08713 Pine View Drive,Seldom,PRAVASTATIN SODIUM
404,Brynne,Cotelard,bcotelardb7@vimeo.com,336 Westport Terrace,Monthly,"Octyl Methoxycinnamate,Avobenzone and Zinc Oxide"
405,Emmie,Toe,etoeb8@mit.edu,58473 Hayes Street,Once,"PETROLATUM, COD LIVER OIL"
406,Titus,Astupenas,tastupenasb9@si.edu,27 Ramsey Circle,Seldom,NAJA NAJA VENOM
407,Sondra,Toolan,stoolanba@nationalgeographic.com,8 Old Shore Center,Never,Lithium Carbonate
408,Yehudit,Norree,ynorreebb@imdb.com,161 3rd Street,Daily,Miconazole nitrate
409,Mary,Cobby,mcobbybc@hugedomains.com,12239 Menomonie Trail,Yearly,Chlorpromazine Hydrochloride
410,Fran,Espy,fespybd@quantcast.com,05 Mesta Parkway,Weekly,EPINEPHRINE
411,Amerigo,Dymond,adymondbe@e-recht24.de,97 Shopko Point,Daily,Benzalkonium Chloride
412,Sallyanne,Cage,scagebf@moonfruit.com,88 Hermina Court,Weekly,Aluminum Zirconium Tetrachlorohydrex Gly
413,Desdemona,Mattussevich,dmattussevichbg@sitemeter.com,29970 Burning Wood Way,Never,"OCTINOXATE, TITANIUM DIOXIDE, ZINC OXIDE, HYDROXYPROLINE, ATRACTYLODES JAPONICA ROOT OIL"
414,Kermie,Lobley,klobleybh@addthis.com,78 Buena Vista Center,Daily,cetuximab
415,Coletta,MacKomb,cmackombbi@pen.io,1 Dovetail Drive,Daily,Quetiapine Fumarate
416,Emma,Middler,emiddlerbj@examiner.com,40 Arrowood Avenue,Monthly,Isopropyl Alcohol
417,Sheppard,Poacher,spoacherbk@shop-pro.jp,508 Red Cloud Plaza,Often,Hydroxyzine Hydrochloride
418,Florrie,Stiebler,fstieblerbl@nymag.com,41 Steensland Lane,Seldom,zolpidem tartrate
419,Jareb,Paskerful,jpaskerfulbm@apache.org,809 Packers Parkway,Daily,Anticoagulant Citrate Phosphate Dextrose (CPD) Solution and ADSOL Preservation Solution
420,Kahlil,Sonier,ksonierbn@accuweather.com,8 Nova Pass,Yearly,Hydroxyzine Hydrochloride
421,Darell,Sancto,dsanctobo@mapquest.com,20461 Fairfield Crossing,Weekly,"Titanium Dioxide, Octinoxate/EthylhexylMehtoxycinnamate"
422,Amara,Castelot,acastelotbp@washingtonpost.com,6076 Delladonna Road,Monthly,Phenytoin
423,Alonso,Klisch,aklischbq@google.com.hk,540 Helena Hill,Never,naproxen sodium
424,Aylmer,Bamling,abamlingbr@bigcartel.com,94006 Novick Trail,Never,"Octinoxate, Oxybenzone"
425,Darrick,Dalliston,ddallistonbs@archive.org,637 Victoria Street,Never,Hazelnut Pollen
426,Tamiko,Kernes,tkernesbt@jalbum.net,449 Eliot Street,Seldom,Lisinopril
427,Meghann,Wadhams,mwadhamsbu@globo.com,652 Center Hill,Weekly,Water
428,Alonso,Brilleman,abrillemanbv@woothemes.com,32213 Lakeland Park,Never,ROPINIROLE HYDROCHLORIDE
429,Whitaker,Scarborough,wscarboroughbw@bloomberg.com,201 Longview Place,Never,Warfarin Sodium
430,Jenny,Drakes,jdrakesbx@hibu.com,7 South Lane,Often,Fluoride
431,Perri,Quartermain,pquartermainby@dmoz.org,45309 Vidon Park,Weekly,Aluminum Zirconium Tetrachlorohydrex GLY
432,Chancey,Jahan,cjahanbz@newyorker.com,52835 Blue Bill Park Center,Never,Nicotine Polacrilex
433,Zenia,France,zfrancec0@reuters.com,0158 Annamark Pass,Never,"Hydroquinone, Octinoxate, and Zinc Oxide"
434,Norene,Mackstead,nmacksteadc1@wufoo.com,70732 Westport Place,Yearly,risperidone
435,Vince,Tod,vtodc2@elegantthemes.com,400 Johnson Street,Never,BETHANECHOL CHLORIDE
436,See,Geeritz,sgeeritzc3@weather.com,27991 Mcguire Way,Once,Gabapentin
437,Sheryl,Eaddy,seaddyc4@dot.gov,6092 David Way,Yearly,Famotidine
438,Tammie,Warricker,twarrickerc5@cisco.com,4430 Emmet Place,Often,"OCTINOXATE, OCTOCRYLENE, and TITANIUM DIOXIDE"
439,Lari,Fishpoole,lfishpoolec6@ovh.net,821 Express Pass,Never,ALPRAZOLAM
440,Cristin,Luparto,clupartoc7@newsvine.com,8700 Lunder Drive,Daily,Oxygen
441,Lucky,Hinkins,lhinkinsc8@webeden.co.uk,7674 Kipling Junction,Never,medroxyprogesterone acetate
442,Millisent,Studders,mstuddersc9@mediafire.com,369 Mallory Place,Often,Oxygen-Helium Mixture
443,Bealle,Alldread,balldreadca@rambler.ru,37095 Heath Hill,Never,Oxygen-Nitrogen Mixture
444,Pate,Bann,pbanncb@nature.com,42 Clarendon Way,Once,Hydrocortisone
445,Andromache,Haddrill,ahaddrillcc@g.co,4 Fallview Circle,Seldom,buprenorphine
446,Flory,Hanwright,fhanwrightcd@nba.com,1 Orin Plaza,Often,"Argentum nitricum 30X, Cocculus indicus 30X, Conium maculatum 30X, Theridion 30X"
447,Brynne,De Freyne,bdefreynece@arizona.edu,1744 Farmco Center,Monthly,Octinoxate and Titanium Dioxide
448,Shannah,MacNess,smacnesscf@google.com,3 Carey Plaza,Monthly,sildenafil
449,Celie,Rosgen,crosgencg@marketwatch.com,34874 Lakeland Parkway,Weekly,acetaminophen and diphenhydramine hydrochloride
450,Addia,Fenton,afentonch@utexas.edu,2847 Reindahl Circle,Once,Rivastigmine Tartrate
451,Rozamond,Abad,rabadci@reverbnation.com,445 Dottie Street,Once,Sulfamethoxazole and Trimethoprim
452,Jen,Giorgio,jgiorgiocj@yahoo.com,076 Express Hill,Often,"calendula officinalis, ranunculus bulbosus"
453,Shep,Airds,sairdsck@etsy.com,9790 Sunnyside Avenue,Yearly,potassium chloride
454,Wilfrid,Matley,wmatleycl@google.de,69988 Drewry Way,Never,Diazepam
455,Olivie,Bertolaccini,obertolaccinicm@about.com,246 Oneill Junction,Weekly,Clarithromycin
456,Mead,Hallard,mhallardcn@mozilla.org,921 Bobwhite Park,Monthly,Triclosan
457,Thia,Ogbourne,togbourneco@bloglovin.com,31179 Gerald Pass,Often,"LIDOCAINE HYDROCHLORIDE,EPINEPHRINE BITARTRATE"
458,Robyn,Lower,rlowercp@un.org,13 Mallory Hill,Yearly,LEVETIRACETAM
459,Catina,Limpkin,climpkincq@patch.com,1138 Moulton Plaza,Once,Magnesium hydroxide
460,Tonye,Kerry,tkerrycr@cmu.edu,21 Schlimgen Avenue,Monthly,modafinil
461,Percy,Drain,pdraincs@ning.com,67 Lake View Junction,Monthly,benztropine mesylate
462,Lorens,Cossington,lcossingtonct@clickbank.net,43 Northland Hill,Monthly,"Mineral oil, Petrolatum, Phenylephrine HCl, Shark liver oil"
463,Elsinore,Wadworth,ewadworthcu@elpais.com,713 Trailsway Terrace,Never,zinc acetate
464,Carver,Weston,cwestoncv@newyorker.com,20313 School Parkway,Once,Chlorpromazine Hydrochloride
465,Klemens,Nanuccioi,knanuccioicw@desdev.cn,2 Hudson Point,Daily,Magnesium hydroxide
466,Dorolice,Guerreru,dguerrerucx@ucsd.edu,18532 Browning Point,Monthly,SODIUM BICARBONATE
467,Scott,Dominique,sdominiquecy@lulu.com,8 Hazelcrest Junction,Daily,Tacrolimus
468,Ruttger,Levitt,rlevittcz@hc360.com,09 Caliangt Alley,Weekly,Acetaminophen
469,Marybelle,Gates,mgatesd0@msu.edu,9 American Center,Monthly,Cefuroxime Axetil
470,Emmalynne,Skermer,eskermerd1@tamu.edu,70 Comanche Point,Once,nisoldipine
471,Clem,Scammell,cscammelld2@weibo.com,7836 Mccormick Hill,Never,Dimethicone
472,Del,Cattroll,dcattrolld3@spiegel.de,20 Steensland Point,Weekly,"Testosterone,"
473,Lissi,De la croix,ldelacroixd4@blog.com,2988 Southridge Trail,Never,Diltiazem Hydrochloride
474,Nikolaos,Lamberto,nlambertod5@soundcloud.com,34531 Elka Hill,Once,"Avena Sativa, Chlorophytum Borivilianum, Nuphar Luteum, Punica Granatum, Spermidine, Spermine, Damiana, Selenium Metallicum, Staphysagria, Thuja Occidentalis"
475,Evanne,MacTrustrie,emactrustried6@furl.net,7206 Scofield Parkway,Monthly,Titanium Dioxide
476,Aggy,Roelvink,aroelvinkd7@nationalgeographic.com,702 Reindahl Park,Monthly,verapamil hydrochloride
477,Clim,Lambarton,clambartond8@1und1.de,11946 Rutledge Alley,Monthly,PYRITHIONE ZINC
478,Gibbie,Gonsalo,ggonsalod9@fc2.com,307 Riverside Alley,Seldom,MENTHOL
479,Nesta,Dougherty,ndoughertyda@deliciousdays.com,7480 Continental Court,Yearly,"Chlorpheniramine maleate, Phenylephrine HCl"
480,Jayme,Adicot,jadicotdb@hibu.com,85263 Johnson Way,Yearly,modafinil
481,Ralf,Ragbourn,rragbourndc@feedburner.com,19938 Prairie Rose Lane,Daily,HYDROQUINONE
482,Lacie,Rhodus,lrhodusdd@wix.com,4 Knutson Alley,Daily,Oxygen
483,Bern,Picott,bpicottde@people.com.cn,15178 1st Avenue,Often,"Bismuthum metallicum, Aloe, Angelica sinensis radix, Antimon. crud., Arg. nit., Arnica, Arsenicum alb., Baptisia, Bryonia, Cinchona, Graphites, Hydrastis, Ipecac., Lachesis, Lycopodium, Myrrha, Nat. carb., Nux vom., Phosphorus, Pulsatilla, Zingiber, Chamomilla, Echinacea, Iris versicolor, Ruta, Taraxacum"
484,Merola,Mattheus,mmattheusdf@tripadvisor.com,8546 Meadow Ridge Alley,Weekly,ETHAMBUTOL HYDROCHLORIDE
485,Sharla,Maryan,smaryandg@whitehouse.gov,4227 Elka Plaza,Monthly,Atenolol
486,Dell,Briscam,dbriscamdh@mapy.cz,51 Gina Point,Seldom,zolpidem tartrate
487,Lanny,Middlemist,lmiddlemistdi@yelp.com,0 Oriole Way,Often,Budesonide
488,Twila,Pepper,tpepperdj@csmonitor.com,41 Schurz Circle,Often,Bupropion Hydrochloride
489,Emilio,Belch,ebelchdk@house.gov,5 Hoard Crossing,Yearly,Sulfamethoxazole and Trimethoprim
490,Corrie,Trouel,ctroueldl@360.cn,4 Florence Alley,Often,Docusate sodium
491,Kelly,Wilce,kwilcedm@addtoany.com,2 Green Ridge Road,Often,Aluminum chlorohydrate
492,Sandy,Harrinson,sharrinsondn@google.pl,69102 Northwestern Center,Often,"bacitracin zinc, neomycin sulfate and polymyxin b sulfate"
493,Gerhardt,Gorry,ggorrydo@spiegel.de,9 Anhalt Trail,Often,Alcohol
494,Putnem,Costen,pcostendp@ed.gov,7233 Fremont Place,Seldom,Acetaminophen
495,Alyse,Benedict,abenedictdq@free.fr,74912 Barnett Place,Once,Hydrocortisone Acetate
496,Janet,Kedslie,jkedsliedr@china.com.cn,587 Dexter Lane,Monthly,Prednisone
497,Sybyl,Dilger,sdilgerds@arizona.edu,9187 Claremont Street,Daily,Diethylpropion hydrochloride
498,Shaylah,Pasmore,spasmoredt@xinhuanet.com,9 Anthes Point,Daily,SOTALOL HYDROCHLORIDE
499,Charil,Patey,cpateydu@ning.com,682 Dovetail Crossing,Weekly,Levetiracetam
500,Grove,Timby,gtimbydv@state.tx.us,75667 Mariners Cove Junction,Yearly,Ethyl Alcohol
501,Cris,Amner,camnerdw@bloomberg.com,72146 Lerdahl Street,Weekly,triamcinolone acetonide
502,Christos,Pedrazzi,cpedrazzidx@bloglines.com,18656 Sunnyside Circle,Monthly,meloxicam
503,Melisa,Pettifor,mpettifordy@bbc.co.uk,17103 Lakewood Park,Often,"neomycin sulfate, polymyxin b sulfate and gramicidin"
504,Serge,Sacase,ssacasedz@jimdo.com,612 Larry Drive,Weekly,Ibuprofen
505,Terri,Sellars,tsellarse0@noaa.gov,6681 Derek Drive,Daily,Clonidine Hydrochloride
506,Langston,Lealle,lleallee1@sciencedirect.com,83352 Cardinal Avenue,Often,zileuton
507,Maurizia,Bellefant,mbellefante2@businessweek.com,918 Nancy Parkway,Daily,atorvastatin calcium
508,Garnet,Grisard,ggrisarde3@yolasite.com,1905 7th Court,Weekly,HydrALAZINE Hydrochloride
509,Winny,Gallemore,wgallemoree4@un.org,241 Bowman Court,Yearly,Terazosin Hydrochloride
510,Jen,Bew,jbewe5@bing.com,9415 Mcbride Alley,Never,"AVOBENZONE, HOMOSALATE, OCTISALATE, OCTOCRYLENE, and OXYBENZONE"
511,Rosalynd,Nissle,rnisslee6@google.co.uk,25 Eagle Crest Road,Never,Phenylephrine Hydrochloride
512,Myrtia,Orrah,morrahe7@histats.com,547 Eggendart Alley,Yearly,Methylprednisolone
513,Zebadiah,Ingerfield,zingerfielde8@instagram.com,626 Kenwood Junction,Weekly,acetaminophen and codeine phosphate
514,Elissa,Garfit,egarfite9@infoseek.co.jp,97 Canary Terrace,Once,Simvastatin
515,Sybille,Giocannoni,sgiocannoniea@chron.com,037 Kensington Court,Never,APAP 500 mg Phenylephrine HCL 5 mg Chlorpheniramine maleate 2 mg
516,Verine,Gallahue,vgallahueeb@cocolog-nifty.com,64193 Mccormick Plaza,Daily,Aluminum Zirconium Octachlorohydrex Gly
517,Sonya,Bartleet,sbartleetec@economist.com,30 Melby Trail,Daily,rizatriptan benzoate
518,Bond,Heinreich,bheinreiched@godaddy.com,35 Warrior Circle,Once,"Allantoin, Benzethonium Chloride"
519,Quinta,MacMeekan,qmacmeekanee@chron.com,61874 Morrow Park,Often,Hydrochlorothiazide
520,Claudelle,Kharchinski,ckharchinskief@php.net,3406 Stang Court,Once,"ACETAMINOPHEN, DEXTROMETHORPHAN HBr, GUAIFENESIN, PSEUDOEPHEDRINE HCl"
521,Elissa,Artist,eartisteg@sciencedaily.com,2906 Stang Court,Seldom,Pravastatin Sodium
522,Marie-ann,Eagleston,meaglestoneh@prweb.com,27752 Delladonna Place,Seldom,Oxycodone and Acetaminophen
523,Monty,Hewins,mhewinsei@simplemachines.org,772 Burrows Center,Seldom,Seroquel
524,Welby,Bridgement,wbridgementej@chronoengine.com,8 Hovde Court,Weekly,Acetaminophen
525,Charley,Dollard,cdollardek@howstuffworks.com,55 Londonderry Junction,Never,montelukast sodium
526,Jerrold,Nelles,jnellesel@marketwatch.com,80098 Arapahoe Road,Daily,Treatment Set TS329227
527,Fredrika,Wakeling,fwakelingem@meetup.com,8902 Schurz Parkway,Yearly,False Ragweed
528,David,Edelston,dedelstonen@columbia.edu,584 Aberg Junction,Once,"Stillingia Sylvatica, Zincum Gluconicum, Thiaminum Hydrochloricum, Fragaria Vescus, Niacin, Serotonin (Hydrochloride), 5-Hydroxytryptophan, Betainum Muriaticum"
529,Ragnar,Franzettoini,rfranzettoinieo@jugem.jp,4 Corben Drive,Often,"bacitracin zinc,neomycin sulfate, polymyxin b sulfate, pramoxine hydrochloride"
530,Levi,Ellacott,lellacottep@gizmodo.com,0659 Lighthouse Bay Court,Once,Pravastatin Sodium
531,Julissa,Hawes,jhaweseq@gmpg.org,6 Aberg Pass,Monthly,"Berberis Vulgaris, Glycyrrhiza Glabra, Lappa Major, Rhamnus Purshiana, Trifolium Pratense, Xanthoxylum Fraxineum, Ascorbic Acid"
532,Travis,Tebald,ttebalder@rakuten.co.jp,0 Maple Wood Alley,Monthly,valsartan and hydrochlorothiazide
533,Aymer,Angrave,aangravees@fastcompany.com,487 Portage Plaza,Seldom,Diphenhydramine HCl
534,Johnnie,Noddings,jnoddingset@cornell.edu,09 Fairview Crossing,Often,Grain Smut Mixture
535,Johnathan,Choldcroft,jcholdcrofteu@bravesites.com,1 Westend Terrace,Daily,Latanoprost
536,Nicky,Eastmond,neastmondev@walmart.com,851 Merry Crossing,Never,Varicella Zoster Immune Globulin (Human)
537,Gill,Kahler,gkahlerew@comsenz.com,4 Farmco Trail,Never,levofloxacin
538,Michaelina,Scotchmur,mscotchmurex@dropbox.com,6812 Express Avenue,Seldom,triclosan
539,Mohammed,Pedler,mpedlerey@epa.gov,9494 Dennis Pass,Often,Hepatitis A Vaccine
540,Shari,Willshee,swillsheeez@tuttocitta.it,44613 High Crossing Place,Never,furosemide
541,Kyle,Awcock,kawcockf0@nbcnews.com,477 Loftsgordon Drive,Often,OCTINOXATE
542,Morty,Durnin,mdurninf1@salon.com,06 Summerview Way,Yearly,"Acetaminophen, Phenylephrine HCl, Chlorpheniramine maleate"
543,Leonie,Rossi,lrossif2@1und1.de,4715 Summit Hill,Weekly,Glyburide
544,Yvette,Papachristophorou,ypapachristophorouf3@livejournal.com,7 Bayside Lane,Weekly,Simvastatin
545,Burg,Goodson,bgoodsonf4@bbb.org,0593 Spenser Junction,Often,Salsalate
546,Bealle,Fabler,bfablerf5@digg.com,77010 Hooker Circle,Once,ALCOHOL
547,Rolph,Ellerker,rellerkerf6@yale.edu,798 Michigan Drive,Yearly,"Ferrum phos , Kali phos, Mag phos"
548,Skye,Duchesne,sduchesnef7@google.com.au,82 Corscot Trail,Often,Rough Marsh Elder
549,Fionna,Fright,ffrightf8@blinklist.com,11 Kropf Alley,Daily,RALTEGRAVIR
550,Mic,Shatford,mshatfordf9@ucla.edu,9 Gulseth Way,Never,"Aspirin, Citric Acid Monohydrate, and Sodium Bicarbonate"
551,Ileana,Trees,itreesfa@booking.com,0 Eastwood Center,Once,Crataegus Onopordon Special Order
552,Marje,Gosney,mgosneyfb@npr.org,6646 Sunnyside Plaza,Weekly,RUMEX CRISPUS WHOLE
553,Hall,Tolwood,htolwoodfc@pbs.org,078 Mitchell Plaza,Monthly,Aluminum Chloride
554,Willamina,Fennell,wfennellfd@msn.com,48702 Larry Circle,Daily,Oxygen
555,Jaymie,Goolding,jgooldingfe@theatlantic.com,33 Blaine Circle,Monthly,Lisinopril and Hydrochlorothiazide
556,Earvin,Liggins,eligginsff@flavors.me,4 Hagan Court,Daily,Irbesartan and Hydrochlorothiazide
557,Umeko,Warrior,uwarriorfg@state.tx.us,7046 Troy Way,Daily,diphenoxylate hydrochloride and atropine sulfate
558,Ellswerth,Jelphs,ejelphsfh@yandex.ru,0124 Everett Parkway,Yearly,Seroquel
559,Lara,Jest,ljestfi@dmoz.org,17 Hanover Place,Yearly,Glyburide and Metformin Hydrochloride
560,Orbadiah,Oxburgh,ooxburghfj@eepurl.com,6 Goodland Parkway,Monthly,etodolac
561,Demetris,Kasher,dkasherfk@shop-pro.jp,631 Harper Junction,Weekly,"Avobenzone, Octisalate and Octocrylene"
562,Stormi,Jarmyn,sjarmynfl@shareasale.com,7839 Alpine Pass,Monthly,Topical Analgesic
563,Trude,Sabine,tsabinefm@nasa.gov,8182 Loeprich Terrace,Seldom,bupropion hydrochloride
564,Juanita,Loughton,jloughtonfn@businessweek.com,825 Heath Drive,Yearly,Lisinopril
565,Petrina,Vaar,pvaarfo@moonfruit.com,00858 Stoughton Terrace,Monthly,Menthol and Camphor and Methyl Salicylate
566,Anna-diane,Falkous,afalkousfp@fc2.com,5 Hudson Drive,Often,Wart Remover Gel
567,Stanfield,Kennedy,skennedyfq@theglobeandmail.com,4 Bobwhite Trail,Never,Acetaminophen
568,Jay,Ashlin,jashlinfr@odnoklassniki.ru,267 Tomscot Road,Seldom,Benzocaine and Menthol
569,Barrett,Arnke,barnkefs@netscape.com,456 Raven Point,Once,ARMODAFINIL
570,Junette,Sherlock,jsherlockft@google.com.au,14714 Crowley Pass,Monthly,psyllium husk
571,Mord,Bolland,mbollandfu@g.co,69 Tony Junction,Seldom,digoxin
572,Lanni,Gurnett,lgurnettfv@istockphoto.com,55318 John Wall Plaza,Weekly,Gabapentin
573,Langston,Templar,ltemplarfw@squidoo.com,06669 Mayfield Circle,Weekly,Aspirin
574,Kippy,Roscrigg,kroscriggfx@tmall.com,8228 Burrows Plaza,Never,CANDIDA ALBICANS
575,Dominick,Gaze,dgazefy@indiatimes.com,08 Basil Avenue,Yearly,Malathion
576,Daveen,Conaghy,dconaghyfz@shop-pro.jp,0398 Summit Court,Weekly,"Acetaminophen, Dextromethorphan HBr, Doxylamine succinate"
577,Alexio,Aime,aaimeg0@deliciousdays.com,166 Jackson Way,Daily,House Dust
578,Arabella,Farmiloe,afarmiloeg1@forbes.com,16448 Westport Alley,Never,Loratadine
579,Penny,Sweetnam,psweetnamg2@blog.com,53851 Hudson Avenue,Monthly,tapentadol hydrochloride
580,Bale,Speechly,bspeechlyg3@apache.org,32 Pankratz Junction,Once,Orphenadrine Citrate
581,Avery,Yanyushkin,ayanyushking4@tamu.edu,5086 Fulton Parkway,Often,linezolid
582,Darline,Worsam,dworsamg5@businesswire.com,44120 Blue Bill Park Trail,Once,ALLANTOIN
583,Worth,Lainge,wlaingeg6@auda.org.au,5 Division Circle,Weekly,Sodium fluoride
584,Doug,Langsdon,dlangsdong7@tiny.cc,8 South Center,Often,"Octisalate, Octocrylene, Avobenzone, Ensulizole"
585,Germana,Barrabeale,gbarrabealeg8@springer.com,43536 Anzinger Plaza,Seldom,Mirtazapine
586,Vito,Bounds,vboundsg9@weibo.com,4022 Waxwing Alley,Daily,hypromelloses and carboxymethylcellulose sodium
587,Sauveur,Kohrsen,skohrsenga@storify.com,35 Cherokee Hill,Weekly,"Bacitracin Zinc, Neomycin, Polymyxin B Sulfate, Pramoxine Hydrocloride"
588,Artur,Schubbert,aschubbertgb@amazon.de,30 Mendota Lane,Daily,Sulfamethoxazole and Trimethoprim
589,Archie,Axcell,aaxcellgc@msn.com,70 Haas Terrace,Yearly,"SULFACETAMIDE SODIUM, SULFUR"
590,Roana,Tessier,rtessiergd@addtoany.com,65909 Maywood Avenue,Once,Ibuprofen
591,Seward,Antwis,santwisge@mail.ru,18484 Fallview Drive,Never,Octinoxate and Oxybenzone
592,Cherry,Asbury,casburygf@ca.gov,94135 Portage Park,Yearly,"AVOBENZONE, OCTOCRYLENE, OXYBENZONE"
593,Ketti,Caruth,kcaruthgg@deliciousdays.com,7183 Larry Avenue,Daily,Magesium Citrate
594,Gisele,Purveys,gpurveysgh@sogou.com,734 1st Place,Weekly,Treatment Set TS344005
595,Adriana,Shearstone,ashearstonegi@buzzfeed.com,16 Eliot Junction,Daily,morphine sulfate
596,Viviene,Hentzer,vhentzergj@mail.ru,6 School Park,Often,GRAPHITE
597,Freida,Priest,fpriestgk@wikia.com,771 Eastwood Avenue,Never,Aluminum Chlorohydrate
598,Tabbie,Dennick,tdennickgl@yahoo.com,691 Rutledge Road,Weekly,Lisinopril and hydrochlorothiazide
599,Christabel,Bambery,cbamberygm@mail.ru,031 Fulton Circle,Never,"Benzoicum acidum, Calcarea carbonica, Calcarea iodata, Iodium, Phosphoricum acidum, Phosphorus, Sulphuricum acidum"
600,Doris,Georgeson,dgeorgesongn@independent.co.uk,2 Bultman Place,Never,Sulindac
601,Chery,Limer,climergo@marriott.com,1 Helena Court,Daily,HYDROQUINONE
602,Jeffry,Doram,jdoramgp@dagondesign.com,705 Sundown Circle,Often,Eucalyptus e fol. 5
603,Iseabal,Knowlman,iknowlmangq@chronoengine.com,1587 Leroy Terrace,Yearly,Oxymorphone Hydrochloride
604,Aubrey,Pattenden,apattendengr@irs.gov,887 Mandrake Point,Weekly,alcohol
605,Heall,Mor,hmorgs@amazon.de,884 Anthes Plaza,Never,VANCOMYCIN HYDROCLORIDE
606,Natividad,McKennan,nmckennangt@admin.ch,2 Schurz Center,Weekly,DIPHENHYDRAMINE HYDROCHLORIDE
607,Barr,Huffadine,bhuffadinegu@google.co.uk,6 Golf Course Circle,Often,Isopropyl Alcohol
608,Sunny,Sphinxe,ssphinxegv@ftc.gov,8420 Summer Ridge Hill,Daily,spironolactone
609,Pat,Gemmill,pgemmillgw@epa.gov,80 Jana Place,Monthly,MORPHINE SULFATE and NALTREXONE HYDROCHLORIDE
610,Marigold,Slowgrave,mslowgravegx@skyrock.com,710 Acker Terrace,Monthly,"Acetaminophen, diphenhydramine hydrochloride, phenylephrine hydrochloride"
611,Diahann,Farndell,dfarndellgy@edublogs.org,20 Armistice Plaza,Once,Hops
612,Guthrie,Pendleton,gpendletongz@delicious.com,976 Mandrake Trail,Monthly,Methylphenidate Hydrochloride
613,Wilma,Torricina,wtorricinah0@bloglines.com,46 Ilene Junction,Never,Methylphenidate Hydrochloride
614,Nada,Blance,nblanceh1@stanford.edu,15 Acker Way,Weekly,clopidogrel
615,Lane,Bim,lbimh2@people.com.cn,75 Warbler Trail,Never,diazepam
616,Elysia,Rosenblum,erosenblumh3@telegraph.co.uk,05 Melrose Hill,Weekly,ISOPROPYL ALCOHOL
617,Amye,Lagen,alagenh4@walmart.com,0 Hagan Alley,Never,Hydrogen Peroxide
618,Siusan,Glasscock,sglasscockh5@slashdot.org,21 Northwestern Avenue,Never,ACETAMINOPHEN
619,Ashia,Briton,abritonh6@twitter.com,8952 Menomonie Parkway,Monthly,spironolactone
620,Bernardine,Tebald,btebaldh7@phpbb.com,80531 Mitchell Plaza,Monthly,Olanzapine
621,Bren,Segges,bseggesh8@yahoo.com,059 Esch Road,Never,Hydrogen Peroxide
622,Daffie,Ebsworth,debsworthh9@ning.com,72524 Northport Hill,Seldom,Diltiazem Hydrochloride
623,Mommy,English,menglishha@bigcartel.com,77 Loftsgordon Terrace,Yearly,Lisinopril
624,Garnette,Spinello,gspinellohb@vimeo.com,02 Walton Trail,Yearly,Oxygen
625,Ashil,Champney,achampneyhc@weather.com,15 Holmberg Terrace,Often,"Acetaminophen, Dextromethorphan Hydrobromide, and Phenylephrine Hydrochloride"
626,Cally,Kilshaw,ckilshawhd@so-net.ne.jp,2749 Service Point,Daily,ZINC OXIDE AND TITANIUM DIOXIDE
627,Brand,Humbell,bhumbellhe@ehow.com,8997 Clyde Gallagher Way,Never,"acetaminophen, dextromethorphan hydrobromide, doxylamine succinate"
628,Clementina,Novacek,cnovacekhf@joomla.org,74314 Clyde Gallagher Drive,Monthly,alcohol
629,Nadeen,Sallter,nsallterhg@canalblog.com,2149 Del Sol Point,Yearly,Mefenamic acid
630,Rubin,Gerhardt,rgerhardthh@myspace.com,98 Kinsman Circle,Monthly,Minoxidil
631,Mandy,Glaisner,mglaisnerhi@cbc.ca,871 Daystar Parkway,Often,Ethyl Alcohol
632,Dilly,Vice,dvicehj@dailymotion.com,098 Nobel Place,Yearly,Irbesartan
633,Brew,Gwatkin,bgwatkinhk@hao123.com,6970 Miller Junction,Daily,Morphine Sulfate
634,Casandra,Alcock,calcockhl@berkeley.edu,72 Ramsey Plaza,Daily,METHYL SALICYLATE
635,Clarence,Mongin,cmonginhm@youku.com,54397 Brentwood Way,Seldom,Zinc Oxide
636,Blythe,Vasic,bvasichn@adobe.com,90502 Iowa Park,Daily,Aluminum Zirconium Tricholorohydrex GLY
637,Ayn,Holleworth,aholleworthho@comcast.net,3318 Eggendart Center,Weekly,Ketamine Hydrochloride
638,Farrel,Grassett,fgrassetthp@opera.com,9 Merrick Drive,Weekly,Diphenhydramine HCl
639,Ty,Aingell,taingellhq@sfgate.com,43815 Roxbury Way,Weekly,"ZINC OXIDE, OCTINOXATE"
640,Gwyneth,Desorts,gdesortshr@nps.gov,1 Everett Terrace,Seldom,Bacitracin
641,Shannon,Kill,skillhs@amazonaws.com,2911 Sugar Road,Once,Clindamycin Hydrochloride
642,Elset,Heck,eheckht@marriott.com,4 Mandrake Road,Yearly,Simvastatin
643,Carling,Issacson,cissacsonhu@icio.us,1 Warrior Lane,Weekly,Doxazosin Mesylate
644,Hulda,Mitham,hmithamhv@ted.com,63 Oak Way,Often,IDARUBICIN HYDROCHLORIDE
645,Audie,Stelfax,astelfaxhw@free.fr,79 Dixon Terrace,Once,Rhizopus oryzae
646,Lin,Lawfull,llawfullhx@amazonaws.com,8738 Bultman Circle,Weekly,potassium chloride
647,Mufi,MacKnockiter,mmacknockiterhy@ning.com,59 Bartillon Plaza,Never,potato
648,Constantine,Lougheed,clougheedhz@independent.co.uk,32828 Nova Way,Weekly,Acarbose
649,Brietta,Nordass,bnordassi0@omniture.com,6476 Glacier Hill Circle,Monthly,TOPIRAMATE
650,Luz,Alessandrini,lalessandrinii1@163.com,7 Surrey Drive,Daily,"Triticum Aestivum, Berberis Vulgaris, Glycyrrhiza Glabra, Lappa Major, Phytolacca Decandra, Rhamnus Frangula, Rhamnus Purshiana, Stillingia Sylvatica"
651,Jan,Leonards,jleonardsi2@cnbc.com,587 Mcguire Park,Yearly,"Tetrahydrozoline hydrochloride, Polyethylene glycol 400"
652,Lena,Kisbee,lkisbeei3@intel.com,36027 Valley Edge Terrace,Often,ALCOHOL
653,Augy,Perel,apereli4@topsy.com,5132 Mitchell Drive,Yearly,Labetalol Hydrochloride
654,Kaila,Castagneto,kcastagnetoi5@geocities.com,60327 Dahle Place,Yearly,Nortriptyline Hydrochloride
655,Culley,Issit,cissiti6@t-online.de,3 Banding Place,Once,"AMMONIA, LIDOCAINE HYDROCHLORIDE ANHYDROUS, TRIAMCINOLONE ACETONIDE, POVIDONE-IODINE"
656,Kimberley,Reader,kreaderi7@bizjournals.com,15 Anzinger Court,Never,COAGULATION FACTOR IX RECOMBINANT HUMAN
657,Bertrand,Pratley,bpratleyi8@indiatimes.com,3 Algoma Avenue,Seldom,alprazolam
658,Nikolaus,Templeman,ntemplemani9@craigslist.org,0867 Shasta Plaza,Daily,Ibuprofen
659,Emmet,Scotson,escotsonia@nymag.com,35067 Kensington Way,Never,Bupropion Hydrochloride
660,Calli,Noteyoung,cnoteyoungib@microsoft.com,4818 Calypso Park,Seldom,PHENYTOIN SODIUM
661,Jamesy,Charrisson,jcharrissonic@vistaprint.com,81739 Laurel Drive,Never,MIDODRINE HYDROCHLORIDE
662,Austin,McCulley,amcculleyid@rakuten.co.jp,30 Lakewood Gardens Terrace,Weekly,Estradiol
663,Wren,Bulward,wbulwardie@aboutads.info,6 Melby Center,Once,Cultivated Oat
664,Merilee,Maggs,mmaggsif@yellowpages.com,8 Derek Parkway,Never,moexipril hydrochloride and hydrochlorothiazide
665,Pet,Bordes,pbordesig@technorati.com,78560 Daystar Plaza,Yearly,Petrolatum
666,Sigmund,Leonard,sleonardih@multiply.com,644 Carioca Circle,Seldom,Fluconazole
667,Austin,Shirland,ashirlandii@bravesites.com,71 Forest Circle,Daily,"Cinnamic Acid, Phloridzinum, ATP, Argentum Nitricum, Beet Sugar, D-Ribose, Fructose, Dextrose, Grape Sugar (Syrup), Lycopodium Clavatum,"
668,Frederick,Grinvalds,fgrinvaldsij@ted.com,39138 Hudson Lane,Seldom,ALCOHOL
669,Joyan,Battell,jbattellik@wiley.com,06 Oriole Place,Seldom,BUPROPION HYDROCHLORIDE
670,Leona,Armytage,larmytageil@mediafire.com,37362 Superior Circle,Daily,"Acetaminophen, Diphenhydramine Citrate"
671,Boyd,Snailham,bsnailhamim@jiathis.com,58796 Mockingbird Way,Once,Carvedilol
672,Joseph,Whitlam,jwhitlamin@google.de,3153 Columbus Court,Weekly,Octreotide Acetate
673,Gannie,Gemson,ggemsonio@ihg.com,88 Esker Street,Once,METFORMIN HYDROCHLORIDE
674,Linus,Groveham,lgrovehamip@elegantthemes.com,3 Hovde Plaza,Yearly,artemisia vulgaris pollen
675,Mordecai,Davitti,mdavittiiq@is.gd,76449 Rieder Park,Seldom,Chlorhexidine Gluconate and Alcohol
676,Grace,Maypes,gmaypesir@usda.gov,1714 Stoughton Plaza,Monthly,Enalapril Maleate
677,Matilda,Freer,mfreeris@go.com,54656 Delladonna Center,Yearly,Benzocaine and Zinc Chloride
678,Marilyn,Caverhill,mcaverhillit@addthis.com,8016 Evergreen Parkway,Daily,desvenlafaxine
679,Burton,Brede,bbredeiu@purevolume.com,59 4th Point,Monthly,metoprolol succinate
680,Hedy,Winterflood,hwinterfloodiv@ebay.com,127 Sullivan Avenue,Once,"Echinacea (angustifolia), Hydrastis canadensis, Nux moschata, Trigonella foenum graecum, Arsenicum album, Kali bichromicum,"
681,Mirna,Saby,msabyiw@yellowbook.com,79920 Fordem Place,Never,BENZALKONIUM CHLORIDE
682,Manon,Kubczak,mkubczakix@e-recht24.de,046 Brickson Park Junction,Weekly,Morphine Sulfate
683,Gloriana,Chamberlen,gchamberleniy@blog.com,94 Hintze Alley,Monthly,Hydrocodone Bitartrate and Acetaminophen
684,Dosi,Fouracre,dfouracreiz@topsy.com,3525 Calypso Center,Weekly,diazepam
685,Gabriellia,Tattersfield,gtattersfieldj0@yolasite.com,762 Barnett Parkway,Yearly,glycopyrrolate
686,Effie,Luff,eluffj1@noaa.gov,71 Scott Plaza,Once,Ondansetron
687,Dolly,Sullly,dsulllyj2@cnn.com,280 David Way,Seldom,methylprednisolone
688,Madelyn,Dumper,mdumperj3@ycombinator.com,43 Fieldstone Pass,Seldom,Ranitidine
689,Rhonda,Sheather,rsheatherj4@macromedia.com,68 Utah Junction,Once,Antihemophilic Factor (Human)
690,Hillard,Jori,hjorij5@disqus.com,9 Russell Junction,Once,CAFFEINE CITRATE
691,Cazzie,Haggerstone,chaggerstonej6@4shared.com,3 Forest Run Circle,Weekly,Ibuprofen
692,Ceciley,Heibel,cheibelj7@mozilla.com,55 Stephen Parkway,Monthly,Oxygen
693,Lavinie,Derbyshire,lderbyshirej8@themeforest.net,82 Bowman Terrace,Weekly,"AVOBENZONE, OCTOCRYLENE, OXYBENZONE"
694,Gerianna,Fippe,gfippej9@trellian.com,49 Schurz Circle,Seldom,Phentermine Hydrochloride
695,Chuck,Gorini,cgorinija@stumbleupon.com,97292 Pearson Street,Yearly,Apiolum
696,Otes,Edgehill,oedgehilljb@zimbio.com,087 Judy Court,Weekly,ALUMINUM CHLOROHYDRATE
697,Laurella,Faulconbridge,lfaulconbridgejc@stumbleupon.com,2 Waubesa Alley,Daily,Methylphenidate Hydrochloride
698,Ferguson,Rand,frandjd@google.it,183 Luster Place,Once,Diphenhydramine Hydrochloride
699,Ermanno,Newtown,enewtownje@printfriendly.com,1217 Rowland Hill,Seldom,Benztropine Mesylate
700,Derwin,Kinsell,dkinselljf@people.com.cn,14347 Eliot Point,Monthly,Menthol
701,Skell,Bryning,sbryningjg@dropbox.com,53418 Colorado Hill,Seldom,Nigrospora sphaerica
702,Vachel,Rochewell,vrochewelljh@fastcompany.com,81293 Dahle Alley,Seldom,Ibuprofen
703,Wells,Elfitt,welfittji@mozilla.org,4 Mitchell Park,Daily,ARTEMISIA VULGARIS ROOT
704,Auguste,Aizikovich,aaizikovichjj@home.pl,61991 Mayfield Point,Weekly,Triclosan
705,Jock,Boydle,jboydlejk@boston.com,157 Swallow Junction,Daily,Ibuprofen and Pseudoephedrine Hydrochloride
706,Kendrick,Spalding,kspaldingjl@fotki.com,985 Kipling Center,Often,"Echinacea,Baptisia tinctoria, Hydrastis canadensis, Myrrha, Nasturtium aquaticum, Phytolacca decandra, Trigonella foenum-graecum, Texas Tree, Texas Weed, Texas Grass"
707,Paten,Demicoli,pdemicolijm@pcworld.com,1 Heath Place,Once,Oxygen
708,Merralee,Monteaux,mmonteauxjn@shop-pro.jp,54 Scofield Plaza,Monthly,CYTARABINE
709,Fidela,Blaze,fblazejo@aol.com,70 Moulton Park,Once,"ACETAMINOPHEN, DEXTROMETHORPHAN HYDROBROMIDE, and DOXYLAMINE SUCCINATE"
710,Melinde,Elward,melwardjp@studiopress.com,83562 Independence Circle,Monthly,Hydroquinone
711,Alasdair,Killen,akillenjq@google.pl,7394 Mitchell Point,Seldom,Trichophyton Verrucosum
712,Raoul,Le Fleming,rleflemingjr@ucoz.ru,89989 Crescent Oaks Way,Weekly,Zinc Pyrithione
713,Lydon,Cuddehay,lcuddehayjs@utexas.edu,75322 Holmberg Avenue,Never,PRAVASTATIN SODIUM
714,Tedman,Serrier,tserrierjt@answers.com,58884 Forest Park,Often,Oxygen
715,Johanna,Astman,jastmanju@skype.com,37671 Scoville Center,Once,Irbesartan
716,Marshal,Worgan,mworganjv@soup.io,04 Eliot Road,Monthly,Parakeet Feather
717,Cathlene,McGeouch,cmcgeouchjw@w3.org,17204 Kensington Terrace,Once,miconazole nitrate
718,Sella,Mochan,smochanjx@addtoany.com,9 Dakota Road,Never,".Alpha.-Tocopherol Acetate, DL-, Ascorbic Acid, Cyanocobalamin, Sodium Fluoride, Folic Acid, Niacin, Pyridoxine, Riboflavin, Thiamine, Vitamin A, and Vitamin D"
719,Rebecka,Medlen,rmedlenjy@ifeng.com,27 Golf Course Crossing,Daily,"Condurango, Phytolacca decandra, Aconitum napellus, Aurum metallicum, Graphites, Hydrastis canadensis, Mercurius vivus, Sulphur, Pulsatilla,"
720,Hermon,Maty,hmatyjz@google.ca,3 Meadow Vale Hill,Once,memantine hydrochloride
721,Karoly,Corrao,kcorraok0@stanford.edu,4 Arizona Pass,Weekly,"ISOLEUCINE, LEUCINE, LYSINE ACETATE, METHIONINE, PHENYLALANINE, THREONINE, TRYPTOPHAN, VALINE, ALANINE, ARGININE, HISTIDINE, PROLINE, SERINE, TYROSINE, GLYCINE, SODIUM CHLORIDE, POTASSIUM ACETATE, PHOSPHORIC ACID, and MAGNESIUM ACETATE"
722,Riley,Baigrie,rbaigriek1@twitpic.com,148 Ruskin Park,Yearly,OXYMETAZOLINE HYDROCHLORIDE
723,Thorstein,Adamovitch,tadamovitchk2@creativecommons.org,54541 Stoughton Park,Seldom,OXYMORPHONE HYDROCHLORIDE
724,Jilly,Hastler,jhastlerk3@ning.com,147 Glendale Drive,Seldom,nabumetone
725,Alfons,Dalgety,adalgetyk4@epa.gov,6734 Laurel Trail,Never,"Aluminum hydroxide, Magnesium hydroxide, Simethicone"
726,Orsa,McKag,omckagk5@sourceforge.net,7 Dottie Circle,Once,Epicoccum nigrum
727,Debra,Pringell,dpringellk6@istockphoto.com,69 Oakridge Alley,Monthly,Aspirin
728,Danny,Gunning,dgunningk7@virginia.edu,3 Bartelt Point,Never,Octinoxate
729,Dinny,Harte,dhartek8@ca.gov,87721 Burrows Park,Seldom,fluorometholone
730,Ronna,Crookshanks,rcrookshanksk9@dell.com,2 Linden Junction,Seldom,Bethanechol Chloride
731,Bili,Dominguez,bdominguezka@stumbleupon.com,8402 Rusk Pass,Often,Methylphenidate hydrochloride
732,Tabb,Pike,tpikekb@weather.com,6 Dayton Circle,Weekly,levothyroxine sodium
733,Pascale,Sirmon,psirmonkc@sciencedirect.com,46 Barnett Junction,Daily,"Actaea Spicata Root, Horse Chestnut, ALTHAEA OFFICINALIS ROOT, ARNICA MONTANA, ATROPA BELLADONNA ROOT, BELLIS PERENNIS, BRYONIA ALBA ROOT, CALENDULA OFFICINALIS FLOWERING TOP, CAULOPHYLLUM THALICTROIDES ROOT, CAUSTICUM, BLACK COHOSH, GUAIACUM OFFICINALE RESIN, HYPERICUM PERFORATUM, POTASSIUM CARBONATE, LEDUM PALUSTRE TWIG, LITHIUM CARBONATE, FRANGULA CALIFORNICA BARK, RHODODENDRON AUREUM LEAF, TOXICODENDRON PUBESCENS LEAF, RUTA GRAVEOLENS FLOWERING TOP, SALICYLIC ACID, and STELLARIA MEDIA"
734,Ellsworth,Walster,ewalsterkd@ycombinator.com,68578 Bayside Center,Never,allopurinol
735,Ermengarde,McCracken,emccrackenke@youtube.com,589 Derek Alley,Yearly,VENLAFAXINE HYDROCHLORIDE
736,Vitia,Sellens,vsellenskf@state.tx.us,0 Lerdahl Avenue,Never,flecainide acetate
737,Delilah,Jellicorse,djellicorsekg@e-recht24.de,239 Lotheville Place,Weekly,"HYDROCHLOROTHIAZIDE, VALSARTAN"
738,Jenelle,Scrigmour,jscrigmourkh@naver.com,25236 Pepper Wood Way,Yearly,Nicotine Polacrilex
739,Asa,Dury,aduryki@bloomberg.com,8 Crest Line Road,Yearly,filgrastim
740,Nessy,Riseam,nriseamkj@examiner.com,0354 Monument Point,Once,"Avobenzone, Homosalate, Octisalate, Octocrylene, and Oxybenzone"
741,Isacco,Hancell,ihancellkk@exblog.jp,0144 Northland Park,Often,Donepezil Hydrochloride
742,Ag,Bartolini,abartolinikl@phoca.cz,3668 Northfield Alley,Seldom,Nitrofurantoin Macrocrystals
743,Lindi,Billison,lbillisonkm@japanpost.jp,547 Red Cloud Crossing,Monthly,POVIDONE-IODINE
744,Hyacintha,Rathbone,hrathbonekn@cmu.edu,135 Nevada Way,Monthly,fluticasone furoate
745,Karl,McKinstry,kmckinstryko@bloglovin.com,4 Moland Trail,Monthly,SALICYLIC ACID
746,Bastien,Minithorpe,bminithorpekp@disqus.com,1 Reindahl Trail,Yearly,amlodipine besylate and benazepril hydrochloride
747,Melamie,Rowen,mrowenkq@diigo.com,332 Rusk Pass,Monthly,Fluconazole
748,Sunny,Schwanden,sschwandenkr@netvibes.com,55 Prairieview Point,Yearly,DayQuil
749,Damiano,Caplan,dcaplanks@bigcartel.com,77 Armistice Crossing,Once,Aluminum Zirconium Tetrachlorohydrex GLY
750,Orv,Guidera,oguiderakt@goodreads.com,70959 International Drive,Seldom,Terazosin
751,Myer,Snadden,msnaddenku@mapquest.com,10 Helena Court,Seldom,Dextromethorphan Polistirex
752,Velma,Fellows,vfellowskv@psu.edu,1093 Westend Plaza,Never,"Chlorpheniramine maleate, phenylephrine"
753,Rafferty,Neggrini,rneggrinikw@shinystat.com,1359 Bluejay Road,Weekly,"Octinoxate ,Meradimate"
754,Cassandry,Hallock,challockkx@discuz.net,97157 Sage Lane,Weekly,Privet
755,Shay,Kettleson,skettlesonky@quantcast.com,2 Kensington Plaza,Monthly,Minocycline Hydrochloride
756,Joelle,Capelle,jcapellekz@harvard.edu,3 Roth Alley,Yearly,INDOMETHACIN
757,Maxine,Gofforth,mgofforthl0@facebook.com,685 Tennessee Trail,Daily,"Magnesia carbonica, Natrum sulphuricum, Nux vomica, Robinia pseudoacacia"
758,Laurice,McAlees,lmcaleesl1@livejournal.com,2478 Forest Dale Pass,Daily,Octinoxate
759,Andrej,Trenaman,atrenamanl2@google.com.au,146 Union Drive,Never,Cetirizine hydrochloride
760,Halie,Ponter,hponterl3@cisco.com,88 Sage Parkway,Monthly,"AVOBENZONE, OCTINOXATE, OXYBENZONE"
761,Jacinda,Paal,jpaall4@hp.com,56 Lerdahl Trail,Seldom,GUAIFENESIN and DEXTROMETHORPHAN HYDROBROMIDE
762,Corby,Leynham,cleynhaml5@wired.com,1 School Trail,Once,estradiol
763,Dido,Leagas,dleagasl6@webeden.co.uk,7269 Clarendon Point,Often,Buspirone Hydrochloride
764,Elfrida,MacTavish,emactavishl7@vistaprint.com,0 Lakeland Circle,Never,TOPIRAMATE
765,Ulysses,Chaplin,uchaplinl8@seesaa.net,2901 Almo Crossing,Daily,CHLOROTHIAZIDE SODIUM
766,Hephzibah,Seamer,hseamerl9@chicagotribune.com,38 East Lane,Weekly,METHYL SALICYLATE MENTHOL CAPSAICIN
767,Luisa,Rawlence,lrawlencela@cafepress.com,15851 Leroy Way,Once,Nisoldipine
768,Valdemar,Maplestone,vmaplestonelb@cnbc.com,1511 Welch Crossing,Yearly,Mercurius cyanatus 6
769,Haskel,Rix,hrixlc@pagesperso-orange.fr,447 Drewry Way,Monthly,glyburide
770,Saleem,Vlasenko,svlasenkold@loc.gov,45358 Haas Hill,Yearly,Alcohol
771,Gaile,Armes,garmesle@github.io,2 Calypso Circle,Never,"Diphenhydramine HCl, Zinc Acetate"
772,Theodore,Munton,tmuntonlf@acquirethisname.com,078 Westridge Way,Monthly,Paroxetine Hydrochloride
773,Dewie,Woodfine,dwoodfinelg@drupal.org,1499 Magdeline Center,Seldom,"Octinoxate, Octisalate and Avobenzone"
774,Parry,Coushe,pcoushelh@ox.ac.uk,6973 Cambridge Road,Daily,Levothyroxine Sodium
775,Deerdre,Fatharly,dfatharlyli@issuu.com,1107 Carpenter Court,Yearly,Benzalkonium Chloride
776,Velma,Dungate,vdungatelj@sbwire.com,636 Helena Parkway,Monthly,Fluoxetine
777,Guy,Piegrome,gpiegromelk@linkedin.com,2436 Ridgeview Trail,Once,Octinoxate and Titanium dioxide
778,Gladi,Curzey,gcurzeyll@t.co,30 Crowley Drive,Often,Dexamethasone Phosphate
779,Huntlee,Nockles,hnockleslm@technorati.com,3090 Darwin Pass,Often,Sodium Fluoride
780,Morna,Andree,mandreeln@pagesperso-orange.fr,8 Carpenter Way,Seldom,Diphenhydramine HCl
781,Ruthe,Detloff,rdetlofflo@unc.edu,08 Arkansas Crossing,Weekly,Human Insulin
782,Gilbertine,Grinaway,ggrinawaylp@cloudflare.com,7 Forest Plaza,Never,Salicylic Acid
783,Josefa,Bosche,jboschelq@google.it,5623 Sugar Road,Once,bosentan
784,Matteo,Heisman,mheismanlr@amazon.co.jp,19 Hovde Park,Never,BEE VENOM
785,Aloysius,Jakoubec,ajakoubecls@51.la,7 Schiller Alley,Seldom,Famotidine
786,Sher,Geggie,sgeggielt@desdev.cn,880 Colorado Place,Seldom,Dicloxacillin Sodium
787,Farley,Eckert,feckertlu@salon.com,30279 Dennis Street,Seldom,Chlorpheniramine Maleate and Codeine Phosphate
788,Aldin,Satchell,asatchelllv@altervista.org,05267 Pawling Center,Yearly,aspirin and caffeine
789,Edee,De Francesco,edefrancescolw@economist.com,7 Mariners Cove Terrace,Never,"Abies canadensis, Anacardium orientale, Argentum metallicum, Adrenocorticotrophin, Hypothalamus, Ignatia amara, Lycopodium clavatum, Natrum phosphoricum, Phosphorus, Pituitarum posterium, Sabadilla, Staphysagria, Sulphur, Thyroidinum, Veratrum album"
790,Somerset,Nunnerley,snunnerleylx@who.int,8 Clyde Gallagher Point,Often,Aspergillus terreus
791,Deedee,Sheldon,dsheldonly@latimes.com,6992 Golf Course Circle,Monthly,Aspirin
792,Marshal,Baress,mbaresslz@xrea.com,011 Saint Paul Point,Seldom,"Eucalyptol , Menthol , Methyl Salicylate, Thymol"
793,Carmelita,Janney,cjanneym0@ibm.com,07151 Dawn Center,Monthly,Midazolam
794,Elfreda,Scatcher,escatcherm1@sciencedirect.com,7109 John Wall Trail,Often,"Hydrocodone Bitartrate, Ibuprofen"
795,Sonia,Warrell,swarrellm2@amazon.co.jp,21 Packers Junction,Seldom,sulfamethoxazole and trimethoprim
796,Johann,Bartczak,jbartczakm3@rediff.com,3 Di Loreto Point,Yearly,DOCUSATE SODIUM -SENNOSIDES
797,Seana,Anstie,sanstiem4@mayoclinic.com,2 Dawn Center,Weekly,"Loratadine, Pseudoephedrine Sulfate"
798,Gaile,Blannin,gblanninm5@mapquest.com,86625 Surrey Lane,Often,HYDROCODONE BITARTRATE AND ACETAMINOPHEN
799,Ginger,Rispin,grispinm6@telegraph.co.uk,70 Barnett Crossing,Daily,oxymetazoline hydrochloride
800,Lonnie,Spittal,lspittalm7@blogtalkradio.com,82685 Heffernan Circle,Monthly,TITANIUM DIOXIDE
801,Sigismund,Quantrill,squantrillm8@surveymonkey.com,6521 Merchant Junction,Yearly,Halobetasol Propionate
802,Josias,Presnail,jpresnailm9@skype.com,55 Stone Corner Place,Daily,Mugwort
803,Catharine,McCrachen,cmccrachenma@pagesperso-orange.fr,2 Waubesa Circle,Yearly,"Cetirizine HCl, Pseudoephedrine HCl"
804,Andie,Aldine,aaldinemb@nydailynews.com,87 Butterfield Center,Weekly,Losartan Potassium
805,Amos,Beamson,abeamsonmc@arstechnica.com,1699 Continental Street,Weekly,"Aspirin, DEXTROMETHORPHAN HYDROBROMIDE, DOXYLAMINE SUCCINATE, and PHENYLEPHRINE BITARTRATE"
806,Petr,Jerisch,pjerischmd@linkedin.com,74 Dunning Hill,Weekly,Norethindrone and Ethinyl Estradiol
807,Brianne,Madre,bmadreme@ox.ac.uk,43905 Meadow Vale Terrace,Monthly,Titanium Dioxide and Octinoxate
808,Dionne,Velten,dveltenmf@epa.gov,30 Kenwood Road,Weekly,octreotide acetate
809,Wald,Dunmuir,wdunmuirmg@plala.or.jp,8110 Springview Plaza,Often,MENTHOL
810,Claudetta,Bendig,cbendigmh@artisteer.com,0 Lindbergh Avenue,Seldom,Levetiracetam
811,Gib,McCartan,gmccartanmi@is.gd,223 Menomonie Park,Monthly,Dimethicone
812,Sigfried,Smidmor,ssmidmormj@flickr.com,436 Hoepker Court,Weekly,AMLODIPINE BESYLATE
813,Kaile,Arlt,karltmk@nhs.uk,577 Trailsway Alley,Once,DOG EPITHELIA
814,Constancia,Gwynn,cgwynnml@omniture.com,571 Basil Circle,Often,losartan potassium
815,Dayna,Halson,dhalsonmm@go.com,71 Jackson Trail,Weekly,Dimenhydrinate
816,Dawna,Valerio,dvaleriomn@ocn.ne.jp,22324 Carioca Avenue,Daily,octreotide acetate
817,Brien,Kerbey,bkerbeymo@thetimes.co.uk,98746 Ramsey Lane,Seldom,Baclofen
818,Matthew,Yea,myeamp@dropbox.com,10688 Pankratz Trail,Weekly,HYDROCODONE BITARTRATE AND ACETAMINOPHEN
819,Mariya,Stancliffe,mstancliffemq@economist.com,23009 Straubel Road,Yearly,Risperidone
820,Trip,Bothen,tbothenmr@tiny.cc,66677 Buena Vista Point,Monthly,penciclovir
821,Sibella,Skillington,sskillingtonms@hc360.com,79984 Marquette Avenue,Once,Menthol
822,Nita,Allery,nallerymt@twitpic.com,22 Arizona Junction,Once,Morphine Sulfate
823,Bonny,Pulford,bpulfordmu@naver.com,36 Claremont Road,Monthly,Octinoxate and Titanium Dioxide
824,Dee dee,Myhill,dmyhillmv@mapy.cz,972 Jana Terrace,Often,isosorbide dinitrate
825,Collen,Pickvance,cpickvancemw@bloomberg.com,30806 Nevada Point,Weekly,WITCH HAZEL
826,Sanson,Bracchi,sbracchimx@usda.gov,08 Maple Wood Hill,Daily,Scrub Pine
827,Claudius,Blumson,cblumsonmy@time.com,6681 Artisan Point,Weekly,pitavastatin calcium
828,Gabie,Messum,gmessummz@yellowpages.com,676 Sachs Parkway,Once,Silver Nitrate
829,Tarah,Hembry,thembryn0@ustream.tv,75 Paget Pass,Yearly,Allogeneic Cultured Keratinocytes and Fibroblasts in Bovine Collagen
830,Audrey,Milbourne,amilbournen1@addthis.com,3 Weeping Birch Terrace,Once,Naproxen
831,Hedi,Donoher,hdonohern2@wired.com,23996 Anhalt Hill,Never,nystatin
832,Meryl,Asken,maskenn3@arstechnica.com,209 Talmadge Court,Weekly,"Acetaminophen, Phenylephrine HCl and Dextromethorphan HBr"
833,Lindsay,Skunes,lskunesn4@php.net,8709 Mesta Terrace,Never,sarcobatus vermiculatus pollen
834,Gabriell,Gipson,ggipsonn5@mozilla.com,10029 Saint Paul Alley,Monthly,Levothyroxine Sodium
835,Reed,McCullouch,rmccullouchn6@who.int,49 Muir Way,Daily,AZATHIOPRINE
836,Eduard,Wiggans,ewiggansn7@webmd.com,3 Grim Pass,Seldom,Oxcarbazepine
837,Devi,Doubleday,ddoubledayn8@clickbank.net,10 American Ash Street,Once,Lovastatin
838,Gasparo,McCormack,gmccormackn9@state.gov,25546 Dixon Plaza,Often,"Standardized Grass Pollen, Orchard Grass"
839,Lezlie,Danovich,ldanovichna@purevolume.com,4941 Menomonie Center,Daily,fluoxetine
840,Maureene,Cantle,mcantlenb@eventbrite.com,249 Del Mar Pass,Monthly,TOLNAFTATE
841,Carey,Knoton,cknotonnc@ucoz.ru,8 Reindahl Pass,Seldom,atovaquone and proguanil hydrochloride
842,Tuesday,Piddlehinton,tpiddlehintonnd@nasa.gov,5187 Oak Parkway,Often,Titanium dioxide
843,Robinett,Yeaman,ryeamanne@cloudflare.com,32572 Cascade Hill,Never,"Iron, Sodium Ascorbate, Thiamine Mononitrate, Riboflavin, Pyridoxine Hydrochloride, Folic Acid, Cyanocobalamin, Niacinamide, Calcium Pantothenate, Zinc Sulfate, Magnesium Sulfate, Manganese Sulfate, a"
844,Mac,Yitshak,myitshaknf@qq.com,35927 Farmco Circle,Never,Sulfamethoxazole and Trimethoprim
845,Deana,Setterington,dsetteringtonng@google.com.br,20756 Express Junction,Yearly,Pyrithione Zinc
846,Marissa,Dyball,mdyballnh@earthlink.net,789 Rieder Hill,Seldom,Gabapentin
847,Perle,Matusevich,pmatusevichni@vistaprint.com,7811 Redwing Parkway,Weekly,Ferrum Metallicum
848,Kirk,Kubat,kkubatnj@tuttocitta.it,45 Fulton Place,Often,"Loratadine, Pseudoephedrine Sulfate"
849,Stacee,Garland,sgarlandnk@un.org,36102 Dwight Hill,Seldom,Cetirizine Hydrochloride
850,Prudy,Linkleter,plinkleternl@comsenz.com,56592 Forest Street,Seldom,Aluminum Zirconium Tetrachlorohydrex GLY
851,Maisie,Merriday,mmerridaynm@php.net,8323 Coleman Terrace,Daily,Helium Oxygen Nitrogen mixture
852,Royall,Maymand,rmaymandnn@alibaba.com,21 Warrior Crossing,Often,Dextromethorphan HBr and Guaifenesin
853,Andromache,Quickenden,aquickendenno@cbslocal.com,2098 Rutledge Road,Often,OXYMETAZOLINE HYDROCHLORIDE
854,Alic,Pryell,apryellnp@oaic.gov.au,71 Barby Hill,Never,fluoxetine hydrochloride
855,Meade,Fulks,mfulksnq@cloudflare.com,61 Talmadge Avenue,Monthly,metoprolol tartrate
856,Linnie,Roth,lrothnr@google.com.au,7 Delaware Place,Once,ETHYL ALCOHOL
857,Corbet,Whaley,cwhaleyns@altervista.org,56 David Road,Never,LACHESIS MUTA VENOM
858,Theodora,Gisby,tgisbynt@slashdot.org,9207 Esch Parkway,Daily,Isopropyl Alcohol
859,Mario,Bullick,mbullicknu@slideshare.net,33 Prairieview Point,Never,Ethyl Alcohol
860,Colas,Thalmann,cthalmannnv@geocities.jp,73528 Westend Terrace,Never,Aurum 6
861,Garfield,Pethrick,gpethricknw@simplemachines.org,685 Clemons Alley,Yearly,Argentum Metallicaum
862,Judye,Syddon,jsyddonnx@tmall.com,13 Daystar Circle,Never,Fentanyl
863,Della,Crossman,dcrossmanny@wired.com,5968 Butterfield Center,Weekly,Oat Smut
864,Rosemary,Paige,rpaigenz@seattletimes.com,45 Twin Pines Park,Often,diltiazem hydrochloride
865,Alicea,Gyves,agyveso0@redcross.org,52 Loeprich Park,Weekly,Epinephrine
866,Lemmy,Curror,lcurroro1@shutterfly.com,6 Birchwood Avenue,Never,AESCULUS HIPPOCASTANUM
867,Martino,Floris,mfloriso2@photobucket.com,683 Bay Alley,Never,prednisolone acetate
868,Fredericka,Richardson,frichardsono3@shareasale.com,94534 Blackbird Drive,Daily,"Octinoxate, Octisalate, Avobenzone, Octocrylene"
869,Bernardo,Lenglet,blengleto4@miitbeian.gov.cn,82775 Killdeer Way,Monthly,Avobenzone and Homosalate and Octisalate and Octocrylene
870,Libby,Hext,lhexto5@wiley.com,942 Dottie Lane,Daily,DOCUSATE SODIUM
871,Annmaria,Highwood,ahighwoodo6@huffingtonpost.com,9104 Mayfield Hill,Often,Sodium fluoride
872,Stacy,Van Halle,svanhalleo7@moonfruit.com,0 Saint Paul Alley,Daily,nitroglycerin
873,Norbie,Artus,nartuso8@t.co,5312 Mifflin Trail,Monthly,Star of Bethlehem
874,Bart,Corrin,bcorrino9@si.edu,90107 Declaration Place,Often,"dextromethorphan, guaifenesin, and phenylephrine"
875,Jeannette,Clohessy,jclohessyoa@plala.or.jp,849 Vidon Center,Often,Aspergillus fumigatus
876,Brooks,Wolland,bwollandob@moonfruit.com,9681 Summerview Park,Yearly,Indocyanine Green
877,Alysa,Vivians,aviviansoc@imdb.com,48866 Westerfield Park,Weekly,Minoxidil
878,Devonne,Huband,dhubandod@europa.eu,12980 Park Meadow Center,Daily,"american ginseng, arnica montana, turnera diffusa leafy twig, herring sperm DNA, galium aparine, hamamelis virginiana root bark/stem bark, pork liver, cervus elaphus horn oil, ovis aries testicle, phosphoric acid, sus scrofa pituitary gland, thuja occidentalis leafy twig, thyroid, unspecified, tribulus terrestris, ginger"
879,Rona,Izon,rizonoe@hexun.com,7924 Waubesa Pass,Once,Isosorbide mononitrate
880,Hollyanne,Mammatt,hmammattof@hc360.com,7328 Lyons Drive,Monthly,Tizanidine
881,Waylan,Brogiotti,wbrogiottiog@webs.com,4 Birchwood Hill,Seldom,Venlafaxine
882,Gena,Urpeth,gurpethoh@apple.com,4 Annamark Point,Weekly,Olanzapine
883,Heddie,Linsay,hlinsayoi@msn.com,8 Huxley Terrace,Yearly,Simethicone
884,Tailor,Caulcutt,tcaulcuttoj@answers.com,8 Rutledge Drive,Often,"Aloe 30c, Alumina 30c, Arsenicum 30c, Nux Vomica 30c, Calc Carb 30c, Opium 30c, Plumbum 30c, Podophyllum 30c, Pyrethrum 30c, Silicea 30c, Staphysagria 30c, Rheum 30c, Urtica Urens 30c"
885,Barret,Delouch,bdelouchok@bbb.org,1 Bayside Crossing,Yearly,Nabumetone
886,Giff,Whisby,gwhisbyol@woothemes.com,255 Loeprich Lane,Never,Johnson Grass Sorghum halepense
887,Carlin,Radeliffe,cradeliffeom@cmu.edu,33703 Columbus Alley,Weekly,Nabumetone
888,Tristam,Chipman,tchipmanon@mlb.com,988 Lawn Center,Daily,"Cardiospermum 6X, Galphimia glauca 6X, Luffa operculata 6X, Sabadilla 6X"
889,Mollee,Froom,mfroomoo@squidoo.com,317 Pearson Avenue,Weekly,Olanzapine
890,Burg,Paff,bpaffop@amazon.de,3547 Eastlawn Center,Weekly,TOPIRAMATE
891,Sean,Pina,spinaoq@yahoo.co.jp,008 Dunning Drive,Monthly,Air
892,Serena,Tilte,stilteor@blog.com,94 Service Center,Weekly,"Zinc Oxide, Titanium Dioxide"
893,Laurianne,Breagan,lbreaganos@cargocollective.com,47813 Orin Drive,Seldom,spironolactone and hydrochlorothiazide
894,Dotti,Dedney,ddedneyot@ebay.com,350 Waubesa Lane,Monthly,Mosquito
895,Addi,Athowe,aathoweou@sitemeter.com,085 Tennessee Lane,Monthly,morphine sulfate
896,Modesty,Manuaud,mmanuaudov@edublogs.org,706 Morrow Circle,Yearly,zolpidem tartrate
897,Kat,Axcel,kaxcelow@cornell.edu,22853 Surrey Parkway,Once,Permethrin
898,Ricoriki,Gidman,rgidmanox@lulu.com,9491 Bartillon Place,Weekly,Burr Oak
899,Aleece,Longhurst,alonghurstoy@sitemeter.com,7472 Algoma Parkway,Once,Arnica Rosa
900,Eleonore,O'Dulchonta,eodulchontaoz@so-net.ne.jp,19 Dwight Plaza,Seldom,Glipizide
901,Jefferey,Girardot,jgirardotp0@blogspot.com,1 Rieder Park,Never,Nicotine Polacrilex
902,Reinald,Beetham,rbeethamp1@latimes.com,0 Express Place,Monthly,dimethicone
903,Kerk,Standley,kstandleyp2@mashable.com,0198 Rutledge Alley,Seldom,Plumbum Mel.
904,Elias,Warkup,ewarkupp3@ted.com,38951 Pawling Pass,Seldom,"TITANIUM DIOXIDE, ZINC OXIDE"
905,Barbabas,Maudlen,bmaudlenp4@theguardian.com,701 David Pass,Weekly,Acetaminophen
906,Rena,Starkey,rstarkeyp5@woothemes.com,503 Messerschmidt Way,Monthly,Montelukast Sodium
907,Fedora,Sedgwick,fsedgwickp6@deviantart.com,558 Fairfield Park,Weekly,Olive Olea europaea
908,Editha,Balme,ebalmep7@bigcartel.com,30208 Erie Center,Never,piperacillin and tazobactam
909,See,McComiskie,smccomiskiep8@vimeo.com,05684 Merry Avenue,Often,ENALAPRIL MALEATE
910,Mariana,Heinig,mheinigp9@prnewswire.com,54 Bay Drive,Never,Pyrithione Zinc
911,Giuseppe,Damiral,gdamiralpa@time.com,36 Buhler Terrace,Yearly,Zinc Gluconate
912,Frederic,Lambeth,flambethpb@multiply.com,5 Wayridge Center,Once,Ibuprofen
913,Andreana,Sunnex,asunnexpc@nhs.uk,443 Algoma Lane,Never,Dextromethorphan Hydrobromide and Guaifenesin
914,Deena,Gori,dgoripd@ed.gov,41 Cottonwood Avenue,Once,metronidazole
915,Brenn,Skoof,bskoofpe@xinhuanet.com,95 Sommers Way,Seldom,Dimenhydrinate
916,Willis,Blowing,wblowingpf@hugedomains.com,887 Menomonie Court,Daily,Levothyroxine Sodium
917,Timothea,Cicculi,tcicculipg@seesaa.net,99669 Center Street,Monthly,Estradiol
918,Curry,Leguey,clegueyph@digg.com,4 Chive Street,Seldom,desipramine hydrochloride
919,Hayward,Chaffin,hchaffinpi@msn.com,43823 Charing Cross Crossing,Seldom,"Dextromethorphan Hydrobromide, Guaifenesin"
920,Kory,Jantet,kjantetpj@baidu.com,4 Aberg Trail,Monthly,"Acetaminophen, Dextromethorphan HBr, Doxylamine succinate, Phenylephrine HCl"
921,Chandal,Minney,cminneypk@unblog.fr,84925 Surrey Terrace,Seldom,"HOMOSALATE, OXYBENZONE, OCTISALATE, AVOBENZONE, OCTOCRYLENE"
922,Cari,Narey,cnareypl@multiply.com,589 Village Plaza,Once,Tolnaftate
923,Filberto,Baum,fbaumpm@guardian.co.uk,2097 Huxley Center,Yearly,"OCTINOXATE, OXYBENZONE, TITANIUM DIOXIDE"
924,Maggi,Bottrill,mbottrillpn@hibu.com,69456 Blue Bill Park Hill,Often,ARMODAFINIL
925,Jerri,Norwell,jnorwellpo@dion.ne.jp,346 Saint Paul Court,Seldom,"Standardized Grass Pollen, Sweet Vernal Grass"
926,Minda,Beek,mbeekpp@pbs.org,23701 Hayes Way,Seldom,TRICLOSAN
927,Ninnette,Cawley,ncawleypq@wikia.com,36050 Victoria Place,Never,Diazepam
928,Meta,Witherdon,mwitherdonpr@gmpg.org,00 5th Terrace,Yearly,First aid and Burn
929,Jesse,Reddie,jreddieps@fda.gov,2 Clove Way,Yearly,Oxygen
930,Hildegaard,Bradshaw,hbradshawpt@discuz.net,69 Anderson Crossing,Seldom,Arsenicum Cerebrum
931,Sarena,Erwin,serwinpu@biblegateway.com,0 Dovetail Parkway,Seldom,Amlodipine Besylate
932,Grady,Clay,gclaypv@tripod.com,92363 Bultman Alley,Often,OXYGEN
933,Betta,Winsome,bwinsomepw@mozilla.org,314 Delladonna Trail,Daily,Coconut
934,Vera,Myhill,vmyhillpx@census.gov,44 Crest Line Terrace,Yearly,"OCTINOXATE, OCTISALATE"
935,Mayor,Crockett,mcrockettpy@wufoo.com,90129 Randy Avenue,Yearly,OCTINOXATE
936,Eddie,Cady,ecadypz@jimdo.com,53 Monterey Hill,Daily,TRICLOSAN
937,Alisander,Haith,ahaithq0@storify.com,336 Forest Dale Crossing,Once,CEFEPIME HYDROCHLORIDE
938,Elfie,Philippsohn,ephilippsohnq1@phpbb.com,42576 Scott Way,Weekly,"Phenylephrine Hydrochloride and Fat, Hard"
939,Brit,Cawley,bcawleyq2@google.com.br,83457 Havey Alley,Seldom,Triclosan
940,Andrea,Thomtson,athomtsonq3@sfgate.com,370 Thompson Parkway,Seldom,Oxygen
941,Lida,Poile,lpoileq4@ox.ac.uk,04326 Merchant Terrace,Often,FUSARIUM VASINFECTUM
942,Juana,Wortman,jwortmanq5@desdev.cn,67502 Forest Trail,Daily,Methyldopa
943,Marta,Scuse,mscuseq6@sohu.com,792 Claremont Junction,Yearly,Acetaminophen
944,Louisa,Dairton,ldairtonq7@simplemachines.org,191 Onsgard Pass,Once,tedizolid phosphate
945,Barrie,Poynor,bpoynorq8@arstechnica.com,6076 Blue Bill Park Place,Seldom,FAMOTIDINE
946,Torey,Willoughway,twilloughwayq9@webs.com,7 Butternut Way,Yearly,ALCOHOL
947,Ignatius,Aucott,iaucottqa@macromedia.com,307 Spohn Road,Often,Pravastatin Sodium
948,Emlynne,Augustine,eaugustineqb@eventbrite.com,31432 Heath Circle,Seldom,Aspirin
949,Ceil,Ligerton,cligertonqc@spiegel.de,4 Menomonie Terrace,Once,Phentermine Hydrochloride
950,Nancie,Brilleman,nbrillemanqd@quantcast.com,5 Cody Point,Often,DIMETHICONE
951,Ashla,Dmtrovic,admtrovicqe@vimeo.com,22300 Basil Drive,Never,Levetiracetam
952,Yul,Jacobovitch,yjacobovitchqf@dropbox.com,13 Huxley Hill,Monthly,CHIMAPHILA UMBELLATA
953,Maurise,Charters,mchartersqg@slate.com,3205 Eastlawn Street,Seldom,"acetaminophen, dextromethorphan hydrobromide, doxylamine succinate"
954,Leanor,Domenicone,ldomeniconeqh@archive.org,2380 Swallow Place,Weekly,Naproxen Sodium
955,Correy,Gristwood,cgristwoodqi@goo.ne.jp,28 Sachtjen Point,Often,Senna Plus
956,Janina,Garret,jgarretqj@eepurl.com,79 Jenna Trail,Weekly,Bromfenac sodium
957,Leonhard,Cadigan,lcadiganqk@discovery.com,0952 Heffernan Circle,Daily,Acetaminophen
958,Marcelle,Way,mwayql@weebly.com,69 Oakridge Road,Never,Morphine
959,Perle,Pimlock,ppimlockqm@infoseek.co.jp,1466 Rutledge Terrace,Monthly,"Chelidonium majus, Glycyrrhiza glabra, Hydrastis canadensis, Nux muschata"
960,Phillipp,McLugish,pmclugishqn@omniture.com,0333 Spaight Hill,Seldom,"OCTINOXATE, TITANIUM DIOXIDE, and ZINC OXIDE"
961,Worthington,Feasey,wfeaseyqo@issuu.com,84295 Petterle Drive,Seldom,"AVENA SATIVA FLOWERING TOP, CHAMOMILE, HUMULUS LUPULUS STEM, PASSIFLORA INCARNATA FLOWER, CALCIUM PHOSPHATE, FERROSOFERRIC PHOSPHATE, POTASSIUM PHOSPHATE, DIBASIC, SODIUM PHOSPHATE, and MAGNESIUM PHOSPHATE, DIBASIC TRIHYDRATE"
962,Buck,Creebo,bcreeboqp@noaa.gov,58 Mosinee Point,Daily,Paroxetine Hydrochloride
963,Caleb,Atherton,cathertonqq@google.co.jp,24649 Milwaukee Place,Monthly,calcium carbonate
964,Hayden,Aldous,haldousqr@feedburner.com,772 Elgar Plaza,Once,BuPROPion Hydrochloride
965,Ellyn,Hourston,ehourstonqs@xrea.com,456 Washington Junction,Seldom,"Fentanyl Citrate, Bupivacaine HCl"
966,Sutton,McOnie,smconieqt@eepurl.com,67020 Northwestern Circle,Never,Benzoyl Peroxide
967,Ward,Weson,wwesonqu@goo.ne.jp,879 Fisk Plaza,Yearly,PANTOPRAZOLE SODIUM
968,Araldo,Kopps,akoppsqv@devhub.com,58 Dovetail Way,Seldom,Loperamide Hydrochloride
969,Lissi,Rowen,lrowenqw@marketwatch.com,4 David Road,Once,BENZALKONIUM CHLORIDE
970,Raine,Kember,rkemberqx@instagram.com,1 Killdeer Hill,Never,Penicillium notatum
971,Bartlet,Ferrillio,bferrillioqy@marriott.com,3626 Donald Road,Yearly,"Standardized Grass Pollen, Grass Mix 5"
972,Audrie,Haward,ahawardqz@foxnews.com,4814 Basil Crossing,Monthly,Zidovudine
973,Carleen,Batchellor,cbatchellorr0@drupal.org,61 Kim Pass,Yearly,"PHENYLEPHRINE HYDROCHLORIDE, PYRILAMINE MALEATE, and DEXTROMETHORPHAN HYDROBROMIDE"
974,Lindsay,Gilphillan,lgilphillanr1@booking.com,5738 Armistice Plaza,Never,Famotidine
975,Delmore,Marco,dmarcor2@tiny.cc,841 Towne Hill,Once,Promethazine hydrochloride
976,Carline,Braywood,cbraywoodr3@columbia.edu,3963 Golf Place,Weekly,Simvastatin
977,Boniface,Tollfree,btollfreer4@drupal.org,2379 Harper Crossing,Never,"Acetaminophen, Dextromethorphan HBr, Guaifenesin, Phenylephrine HCl"
978,Fayth,Jinkin,fjinkinr5@chicagotribune.com,997 Old Shore Center,Once,Bupropion Hydrochloride
979,Damara,Botterman,dbottermanr6@cnet.com,1 Kenwood Way,Often,OXALIPLATIN
980,Wilhelmine,Etty,wettyr7@newyorker.com,2774 Northwestern Road,Monthly,OCTINOXATE and TITANIUM DIOXIDE
981,Karlan,Backshall,kbackshallr8@dedecms.com,2598 Mitchell Road,Never,Cimetidine
982,Dionne,Rash,drashr9@ask.com,63 Hovde Lane,Seldom,Ibuprofen
983,Irita,Grace,igracera@mtv.com,17878 Dovetail Park,Seldom,oxybutynin chloride
984,Tammy,Karpenya,tkarpenyarb@altervista.org,0386 Hanover Pass,Often,Quinapril
985,Jarrad,Desseine,jdesseinerc@bizjournals.com,6 Mcguire Way,Yearly,ONDANSETRON
986,Merrick,Borghese,mborgheserd@npr.org,435 Cottonwood Park,Never,enoxaparin sodium
987,Meredithe,Aird,mairdre@wisc.edu,7168 Fairview Junction,Daily,Fosphenytoin Sodium
988,Creighton,Reddy,creddyrf@usa.gov,254 Katie Way,Seldom,pioglitazone hydrochloride
989,Porter,Coulthard,pcoulthardrg@ycombinator.com,31782 Menomonie Pass,Weekly,Ciprofloxacin Hydrochloride
990,Lee,Clymer,lclymerrh@wunderground.com,1 Warrior Place,Weekly,"Avobenzone, Homosalate, Octisalate, and Octocrylene"
991,Jamie,Howgego,jhowgegori@yellowbook.com,8806 Northfield Place,Monthly,"Titanium Dioxide, Octinoxate"
992,Curry,Puden,cpudenrj@ebay.co.uk,810 Linden Drive,Daily,Ibuprofen
993,Corly,Wyness,cwynessrk@ocn.ne.jp,8 Lakewood Gardens Circle,Often,Venlafaxine Hydrochloride
994,Chandra,Sever,cseverrl@networksolutions.com,702 Fuller Plaza,Seldom,Chlorpheniramine Maleate
995,Myriam,Bootton,mboottonrm@independent.co.uk,3 Sauthoff Parkway,Yearly,Naproxen Sodium
996,Jacquie,Furtado,jfurtadorn@technorati.com,21597 Esker Road,Weekly,Labetalol Hydrochloride
997,Wandie,Berzon,wberzonro@google.co.jp,3 Arrowood Junction,Once,Tamsulosin Hydrochloride
998,Armando,Bracci,abraccirp@ed.gov,854 Ohio Park,Daily,Rhizopus oryzae
999,Alric,Killiner,akillinerrq@oaic.gov.au,77 Westridge Drive,Seldom,nifedipine
1000,Grove,Cruz,gcruzrr@odnoklassniki.ru,8038 Clove Lane,Often,Dimethicone
